IP地址,数据中心,地区,城市,网络延迟
104.20.16.237,HKG,亚太地区,香港,143 ms
104.20.18.220,HKG,亚太地区,香港,143 ms
104.20.17.61,HKG,亚太地区,香港,145 ms
104.20.26.29,HKG,亚太地区,香港,145 ms
104.20.24.0,HKG,亚太地区,香港,148 ms
104.20.23.25,HKG,亚太地区,香港,150 ms
104.20.30.66,HKG,亚太地区,香港,155 ms
104.20.22.42,HKG,亚太地区,香港,156 ms
104.20.29.102,HKG,亚太地区,香港,156 ms
104.20.28.148,HKG,亚太地区,香港,156 ms
104.20.21.115,HKG,亚太地区,香港,157 ms
104.18.202.199,SJC,北美洲,圣何塞,157 ms
104.20.31.41,HKG,亚太地区,香港,158 ms
104.17.31.64,SJC,北美洲,圣何塞,158 ms
104.18.197.234,SJC,北美洲,圣何塞,161 ms
104.18.192.165,SJC,北美洲,圣何塞,161 ms
104.17.26.40,SJC,北美洲,圣何塞,161 ms
104.20.20.244,HKG,亚太地区,香港,162 ms
104.20.27.141,HKG,亚太地区,香港,162 ms
104.18.171.11,SJC,北美洲,圣何塞,162 ms
104.20.25.128,HKG,亚太地区,香港,163 ms
104.17.67.41,SJC,北美洲,圣何塞,163 ms
104.17.72.245,SJC,北美洲,圣何塞,163 ms
104.17.32.160,SJC,北美洲,圣何塞,164 ms
104.17.55.157,SJC,北美洲,圣何塞,164 ms
104.20.19.64,HKG,亚太地区,香港,165 ms
104.18.253.221,SJC,北美洲,圣何塞,165 ms
104.16.241.81,SJC,北美洲,圣何塞,165 ms
104.18.247.0,SJC,北美洲,圣何塞,165 ms
104.18.82.37,SJC,北美洲,圣何塞,165 ms
104.17.64.128,SJC,北美洲,圣何塞,166 ms
104.18.246.89,SJC,北美洲,圣何塞,166 ms
104.17.30.191,SJC,北美洲,圣何塞,167 ms
104.18.189.113,SJC,北美洲,圣何塞,168 ms
104.18.227.147,SJC,北美洲,圣何塞,168 ms
104.16.53.190,SJC,北美洲,圣何塞,168 ms
104.17.89.9,SJC,北美洲,圣何塞,168 ms
104.16.114.72,SJC,北美洲,圣何塞,168 ms
104.17.50.19,SJC,北美洲,圣何塞,169 ms
104.18.90.2,SJC,北美洲,圣何塞,169 ms
104.16.81.66,SJC,北美洲,圣何塞,169 ms
104.19.158.171,SJC,北美洲,圣何塞,170 ms
104.18.195.193,SJC,北美洲,圣何塞,170 ms
104.17.239.228,SJC,北美洲,圣何塞,170 ms
104.18.172.148,SJC,北美洲,圣何塞,170 ms
104.16.120.240,SJC,北美洲,圣何塞,171 ms
104.17.98.32,SJC,北美洲,圣何塞,171 ms
104.17.95.213,SJC,北美洲,圣何塞,171 ms
104.17.227.226,SJC,北美洲,圣何塞,172 ms
104.19.255.244,SJC,北美洲,圣何塞,172 ms
104.18.98.178,SJC,北美洲,圣何塞,172 ms
104.17.96.185,SJC,北美洲,圣何塞,172 ms
104.18.249.70,SJC,北美洲,圣何塞,172 ms
104.18.221.120,SJC,北美洲,圣何塞,172 ms
104.18.225.92,SJC,北美洲,圣何塞,173 ms
104.18.244.188,SJC,北美洲,圣何塞,173 ms
104.17.71.197,SJC,北美洲,圣何塞,173 ms
104.16.65.236,SJC,北美洲,圣何塞,173 ms
104.16.133.63,SJC,北美洲,圣何塞,173 ms
104.18.182.144,SJC,北美洲,圣何塞,174 ms
104.18.250.9,SJC,北美洲,圣何塞,174 ms
104.17.221.6,SJC,北美洲,圣何塞,174 ms
104.17.18.90,SJC,北美洲,圣何塞,175 ms
104.18.228.93,SJC,北美洲,圣何塞,175 ms
104.19.248.72,SJC,北美洲,圣何塞,175 ms
104.16.243.195,SJC,北美洲,圣何塞,175 ms
104.17.127.240,SJC,北美洲,圣何塞,175 ms
104.18.115.248,SJC,北美洲,圣何塞,175 ms
104.18.204.230,SJC,北美洲,圣何塞,175 ms
104.19.187.146,SJC,北美洲,圣何塞,175 ms
104.18.120.84,SJC,北美洲,圣何塞,175 ms
104.17.41.137,SJC,北美洲,圣何塞,175 ms
104.17.111.18,SJC,北美洲,圣何塞,176 ms
104.18.243.184,SJC,北美洲,圣何塞,176 ms
104.19.153.101,SJC,北美洲,圣何塞,176 ms
104.17.148.75,SJC,北美洲,圣何塞,176 ms
104.17.14.245,SJC,北美洲,圣何塞,176 ms
104.17.93.35,SJC,北美洲,圣何塞,176 ms
104.18.237.146,SJC,北美洲,圣何塞,176 ms
104.17.4.149,SJC,北美洲,圣何塞,176 ms
104.17.103.185,SJC,北美洲,圣何塞,176 ms
104.18.108.58,SJC,北美洲,圣何塞,177 ms
104.18.255.167,SJC,北美洲,圣何塞,177 ms
104.18.211.59,SJC,北美洲,圣何塞,177 ms
104.19.253.10,SJC,北美洲,圣何塞,177 ms
104.19.229.18,SJC,北美洲,圣何塞,177 ms
104.18.161.103,SJC,北美洲,圣何塞,177 ms
104.19.250.214,SJC,北美洲,圣何塞,177 ms
104.17.91.253,SJC,北美洲,圣何塞,177 ms
104.17.43.165,SJC,北美洲,圣何塞,178 ms
104.16.70.133,SJC,北美洲,圣何塞,178 ms
104.17.197.210,SJC,北美洲,圣何塞,178 ms
104.18.213.3,SJC,北美洲,圣何塞,178 ms
104.17.149.92,SJC,北美洲,圣何塞,178 ms
104.18.136.215,SJC,北美洲,圣何塞,178 ms
104.17.110.212,SJC,北美洲,圣何塞,178 ms
104.18.215.217,SJC,北美洲,圣何塞,178 ms
104.17.204.173,SJC,北美洲,圣何塞,178 ms
104.17.58.141,SJC,北美洲,圣何塞,179 ms
104.16.2.3,SJC,北美洲,圣何塞,179 ms
104.19.172.130,SJC,北美洲,圣何塞,179 ms
104.17.185.204,SJC,北美洲,圣何塞,179 ms
104.19.221.180,SJC,北美洲,圣何塞,179 ms
104.18.87.22,SJC,北美洲,圣何塞,179 ms
104.18.92.53,SJC,北美洲,圣何塞,179 ms
104.19.232.68,SJC,北美洲,圣何塞,179 ms
104.18.166.255,SJC,北美洲,圣何塞,179 ms
104.17.118.77,SJC,北美洲,圣何塞,179 ms
104.17.247.195,SJC,北美洲,圣何塞,180 ms
1.0.0.169,LAX,北美洲,洛杉矶,180 ms
104.17.241.167,SJC,北美洲,圣何塞,180 ms
104.18.75.151,SJC,北美洲,圣何塞,180 ms
104.17.38.122,SJC,北美洲,圣何塞,180 ms
104.19.212.67,SJC,北美洲,圣何塞,180 ms
104.18.220.44,SJC,北美洲,圣何塞,180 ms
104.18.230.183,SJC,北美洲,圣何塞,180 ms
104.19.175.149,SJC,北美洲,圣何塞,180 ms
104.18.151.167,SJC,北美洲,圣何塞,181 ms
104.19.173.242,SJC,北美洲,圣何塞,181 ms
104.17.40.112,SJC,北美洲,圣何塞,181 ms
104.18.248.209,SJC,北美洲,圣何塞,181 ms
104.17.60.59,SJC,北美洲,圣何塞,181 ms
104.19.208.174,SJC,北美洲,圣何塞,182 ms
104.18.254.235,SJC,北美洲,圣何塞,182 ms
104.16.167.65,SJC,北美洲,圣何塞,182 ms
104.17.143.111,SJC,北美洲,圣何塞,182 ms
104.16.134.68,SJC,北美洲,圣何塞,182 ms
104.18.233.2,SJC,北美洲,圣何塞,182 ms
104.22.41.250,LAX,北美洲,洛杉矶,182 ms
104.17.187.90,SJC,北美洲,圣何塞,182 ms
104.22.51.66,LAX,北美洲,洛杉矶,182 ms
104.18.158.122,SJC,北美洲,圣何塞,182 ms
104.18.64.173,SJC,北美洲,圣何塞,182 ms
104.17.100.31,SJC,北美洲,圣何塞,182 ms
1.0.0.255,LAX,北美洲,洛杉矶,183 ms
104.18.137.164,SJC,北美洲,圣何塞,183 ms
104.18.210.19,SJC,北美洲,圣何塞,183 ms
1.1.1.155,LAX,北美洲,洛杉矶,183 ms
104.16.124.68,SJC,北美洲,圣何塞,183 ms
1.1.1.243,LAX,北美洲,洛杉矶,183 ms
104.18.168.209,SJC,北美洲,圣何塞,183 ms
1.0.0.239,LAX,北美洲,洛杉矶,183 ms
104.17.124.172,SJC,北美洲,圣何塞,183 ms
104.16.26.184,SJC,北美洲,圣何塞,183 ms
104.16.235.13,SJC,北美洲,圣何塞,183 ms
1.1.1.143,LAX,北美洲,洛杉矶,184 ms
104.18.44.113,LAX,北美洲,洛杉矶,184 ms
104.17.235.157,SJC,北美洲,圣何塞,184 ms
104.17.35.99,SJC,北美洲,圣何塞,184 ms
104.16.170.78,SJC,北美洲,圣何塞,184 ms
104.17.209.231,SJC,北美洲,圣何塞,184 ms
104.18.142.83,SJC,北美洲,圣何塞,184 ms
104.18.143.249,SJC,北美洲,圣何塞,184 ms
141.101.122.83,LAX,北美洲,洛杉矶,185 ms
104.17.157.124,SJC,北美洲,圣何塞,185 ms
104.19.24.197,LAX,北美洲,洛杉矶,185 ms
1.1.1.201,LAX,北美洲,洛杉矶,185 ms
104.17.16.197,SJC,北美洲,圣何塞,185 ms
1.1.1.8,LAX,北美洲,洛杉矶,185 ms
104.18.113.239,SJC,北美洲,圣何塞,185 ms
1.0.0.79,LAX,北美洲,洛杉矶,185 ms
104.18.218.112,SJC,北美洲,圣何塞,185 ms
104.27.7.178,LAX,北美洲,洛杉矶,185 ms
104.24.5.32,LAX,北美洲,洛杉矶,185 ms
104.17.255.161,SJC,北美洲,圣何塞,185 ms
104.17.73.59,SJC,北美洲,圣何塞,185 ms
104.19.174.103,SJC,北美洲,圣何塞,185 ms
104.18.154.201,SJC,北美洲,圣何塞,186 ms
104.23.99.190,LAX,北美洲,洛杉矶,186 ms
1.1.1.130,LAX,北美洲,洛杉矶,186 ms
1.1.1.35,LAX,北美洲,洛杉矶,186 ms
1.1.1.60,LAX,北美洲,洛杉矶,186 ms
104.17.212.78,SJC,北美洲,圣何塞,186 ms
104.19.231.74,SJC,北美洲,圣何塞,186 ms
1.1.1.60,LAX,北美洲,洛杉矶,186 ms
104.16.250.54,SJC,北美洲,圣何塞,187 ms
1.1.1.4,LAX,北美洲,洛杉矶,187 ms
104.19.147.184,SJC,北美洲,圣何塞,187 ms
108.162.192.71,LAX,北美洲,洛杉矶,187 ms
104.16.13.60,SJC,北美洲,圣何塞,187 ms
104.18.212.84,SJC,北美洲,圣何塞,187 ms
104.18.122.81,SJC,北美洲,圣何塞,187 ms
104.16.254.63,SJC,北美洲,圣何塞,187 ms
104.24.88.105,LAX,北美洲,洛杉矶,187 ms
104.16.236.158,SJC,北美洲,圣何塞,187 ms
104.17.251.6,SJC,北美洲,圣何塞,187 ms
1.1.1.4,LAX,北美洲,洛杉矶,187 ms
104.27.45.10,LAX,北美洲,洛杉矶,187 ms
104.18.67.60,SJC,北美洲,圣何塞,187 ms
104.18.25.134,LAX,北美洲,洛杉矶,187 ms
104.17.117.130,SJC,北美洲,圣何塞,188 ms
104.17.218.196,SJC,北美洲,圣何塞,188 ms
104.27.54.4,LAX,北美洲,洛杉矶,188 ms
104.17.52.39,SJC,北美洲,圣何塞,188 ms
104.17.122.80,SJC,北美洲,圣何塞,188 ms
104.21.49.100,LAX,北美洲,洛杉矶,188 ms
104.19.164.21,SJC,北美洲,圣何塞,188 ms
104.24.62.110,LAX,北美洲,洛杉矶,188 ms
104.17.169.7,SJC,北美洲,圣何塞,188 ms
1.1.1.47,LAX,北美洲,洛杉矶,188 ms
104.23.111.105,LAX,北美洲,洛杉矶,188 ms
1.1.1.201,LAX,北美洲,洛杉矶,188 ms
1.0.0.138,LAX,北美洲,洛杉矶,188 ms
104.24.10.202,LAX,北美洲,洛杉矶,188 ms
1.1.1.176,LAX,北美洲,洛杉矶,188 ms
104.17.146.178,SJC,北美洲,圣何塞,188 ms
104.18.240.182,SJC,北美洲,圣何塞,188 ms
104.24.36.248,LAX,北美洲,洛杉矶,188 ms
1.1.1.36,LAX,北美洲,洛杉矶,188 ms
104.24.25.205,LAX,北美洲,洛杉矶,188 ms
104.22.64.164,LAX,北美洲,洛杉矶,188 ms
104.19.251.209,SJC,北美洲,圣何塞,188 ms
1.1.1.55,LAX,北美洲,洛杉矶,189 ms
104.18.198.58,SJC,北美洲,圣何塞,189 ms
104.16.66.70,SJC,北美洲,圣何塞,189 ms
104.17.246.12,SJC,北美洲,圣何塞,189 ms
1.1.1.119,LAX,北美洲,洛杉矶,189 ms
104.18.71.177,SJC,北美洲,圣何塞,189 ms
104.27.36.128,LAX,北美洲,洛杉矶,189 ms
104.18.184.155,SJC,北美洲,圣何塞,189 ms
104.18.214.210,SJC,北美洲,圣何塞,189 ms
104.18.109.189,SJC,北美洲,圣何塞,189 ms
104.18.191.64,SJC,北美洲,圣何塞,189 ms
104.17.151.162,SJC,北美洲,圣何塞,189 ms
104.23.113.252,LAX,北美洲,洛杉矶,189 ms
104.16.3.208,SJC,北美洲,圣何塞,189 ms
104.27.2.189,LAX,北美洲,洛杉矶,189 ms
104.18.174.165,SJC,北美洲,圣何塞,189 ms
104.18.157.123,SJC,北美洲,圣何塞,190 ms
104.23.110.129,LAX,北美洲,洛杉矶,190 ms
104.18.3.38,LAX,北美洲,洛杉矶,190 ms
1.0.0.50,LAX,北美洲,洛杉矶,190 ms
1.0.0.239,LAX,北美洲,洛杉矶,190 ms
104.17.106.168,SJC,北美洲,圣何塞,190 ms
104.17.47.180,SJC,北美洲,圣何塞,190 ms
1.1.1.71,LAX,北美洲,洛杉矶,190 ms
104.24.1.143,LAX,北美洲,洛杉矶,190 ms
1.1.1.79,LAX,北美洲,洛杉矶,190 ms
104.16.75.239,SJC,北美洲,圣何塞,190 ms
1.1.1.80,LAX,北美洲,洛杉矶,190 ms
104.27.11.248,LAX,北美洲,洛杉矶,190 ms
104.19.32.96,LAX,北美洲,洛杉矶,190 ms
104.17.69.99,SJC,北美洲,圣何塞,190 ms
1.0.0.215,LAX,北美洲,洛杉矶,190 ms
104.17.85.240,SJC,北美洲,圣何塞,190 ms
104.17.63.140,SJC,北美洲,圣何塞,190 ms
1.1.1.65,LAX,北美洲,洛杉矶,190 ms
104.19.73.0,LAX,北美洲,洛杉矶,190 ms
104.27.16.7,LAX,北美洲,洛杉矶,190 ms
104.19.156.215,SJC,北美洲,圣何塞,190 ms
104.16.248.246,SJC,北美洲,圣何塞,190 ms
104.24.21.197,LAX,北美洲,洛杉矶,190 ms
104.24.4.125,LAX,北美洲,洛杉矶,190 ms
104.16.27.12,SJC,北美洲,圣何塞,190 ms
104.19.7.52,LAX,北美洲,洛杉矶,190 ms
104.18.33.111,LAX,北美洲,洛杉矶,190 ms
1.1.1.32,LAX,北美洲,洛杉矶,190 ms
104.19.183.184,SJC,北美洲,圣何塞,190 ms
104.17.54.157,SJC,北美洲,圣何塞,190 ms
104.19.185.62,SJC,北美洲,圣何塞,191 ms
1.0.0.136,LAX,北美洲,洛杉矶,191 ms
104.17.190.49,SJC,北美洲,圣何塞,191 ms
1.1.1.36,LAX,北美洲,洛杉矶,191 ms
104.19.211.179,SJC,北美洲,圣何塞,191 ms
1.1.1.235,LAX,北美洲,洛杉矶,191 ms
104.27.8.57,LAX,北美洲,洛杉矶,191 ms
104.19.178.201,SJC,北美洲,圣何塞,191 ms
104.16.146.244,SJC,北美洲,圣何塞,191 ms
104.21.203.24,LAX,北美洲,洛杉矶,191 ms
104.17.116.37,SJC,北美洲,圣何塞,191 ms
1.1.1.255,LAX,北美洲,洛杉矶,191 ms
1.1.1.190,LAX,北美洲,洛杉矶,191 ms
104.17.216.171,SJC,北美洲,圣何塞,191 ms
104.19.230.238,SJC,北美洲,圣何塞,191 ms
104.19.104.144,LAX,北美洲,洛杉矶,191 ms
104.19.11.43,LAX,北美洲,洛杉矶,191 ms
104.24.199.107,LAX,北美洲,洛杉矶,191 ms
1.0.0.111,LAX,北美洲,洛杉矶,191 ms
104.22.17.226,LAX,北美洲,洛杉矶,191 ms
104.16.229.188,SJC,北美洲,圣何塞,191 ms
104.19.254.111,SJC,北美洲,圣何塞,191 ms
104.24.19.169,LAX,北美洲,洛杉矶,191 ms
1.0.0.248,LAX,北美洲,洛杉矶,191 ms
1.1.1.200,LAX,北美洲,洛杉矶,191 ms
104.22.43.17,LAX,北美洲,洛杉矶,191 ms
104.18.183.71,SJC,北美洲,圣何塞,191 ms
104.24.18.123,LAX,北美洲,洛杉矶,191 ms
104.16.246.22,SJC,北美洲,圣何塞,191 ms
104.27.40.47,LAX,北美洲,洛杉矶,191 ms
104.18.50.34,LAX,北美洲,洛杉矶,191 ms
104.18.14.135,LAX,北美洲,洛杉矶,191 ms
104.17.199.190,SJC,北美洲,圣何塞,192 ms
1.1.1.107,LAX,北美洲,洛杉矶,192 ms
1.0.0.86,LAX,北美洲,洛杉矶,192 ms
104.27.4.52,LAX,北美洲,洛杉矶,192 ms
104.24.176.216,LAX,北美洲,洛杉矶,192 ms
1.1.1.253,LAX,北美洲,洛杉矶,192 ms
1.1.1.79,LAX,北美洲,洛杉矶,192 ms
1.0.0.83,LAX,北美洲,洛杉矶,192 ms
1.1.1.221,LAX,北美洲,洛杉矶,192 ms
104.19.129.200,LAX,北美洲,洛杉矶,192 ms
104.18.241.223,SJC,北美洲,圣何塞,192 ms
104.22.69.101,LAX,北美洲,洛杉矶,192 ms
104.19.168.226,SJC,北美洲,圣何塞,192 ms
104.18.95.83,SJC,北美洲,圣何塞,192 ms
104.23.107.33,LAX,北美洲,洛杉矶,192 ms
104.18.85.58,SJC,北美洲,圣何塞,192 ms
104.16.21.192,SJC,北美洲,圣何塞,192 ms
104.22.38.187,LAX,北美洲,洛杉矶,192 ms
1.1.1.142,LAX,北美洲,洛杉矶,192 ms
1.0.0.145,LAX,北美洲,洛杉矶,192 ms
104.18.99.71,SJC,北美洲,圣何塞,192 ms
104.18.103.75,SJC,北美洲,圣何塞,192 ms
104.24.66.93,LAX,北美洲,洛杉矶,192 ms
104.21.199.182,LAX,北美洲,洛杉矶,192 ms
104.23.138.115,LAX,北美洲,洛杉矶,192 ms
104.18.81.121,SJC,北美洲,圣何塞,192 ms
104.17.114.218,SJC,北美洲,圣何塞,192 ms
104.19.238.232,SJC,北美洲,圣何塞,192 ms
104.17.140.175,SJC,北美洲,圣何塞,192 ms
104.16.153.138,SJC,北美洲,圣何塞,192 ms
1.1.1.146,LAX,北美洲,洛杉矶,192 ms
1.1.1.49,LAX,北美洲,洛杉矶,192 ms
104.24.60.125,LAX,北美洲,洛杉矶,192 ms
1.1.1.227,LAX,北美洲,洛杉矶,192 ms
1.1.1.57,LAX,北美洲,洛杉矶,192 ms
104.22.12.162,LAX,北美洲,洛杉矶,192 ms
1.1.1.62,LAX,北美洲,洛杉矶,192 ms
104.22.59.228,LAX,北美洲,洛杉矶,192 ms
1.1.1.36,LAX,北美洲,洛杉矶,192 ms
1.1.1.133,LAX,北美洲,洛杉矶,193 ms
1.0.0.125,LAX,北美洲,洛杉矶,193 ms
104.16.98.21,SJC,北美洲,圣何塞,193 ms
104.18.62.28,LAX,北美洲,洛杉矶,193 ms
1.1.1.211,LAX,北美洲,洛杉矶,193 ms
104.18.94.224,SJC,北美洲,圣何塞,193 ms
104.23.122.242,LAX,北美洲,洛杉矶,193 ms
104.18.12.228,LAX,北美洲,洛杉矶,193 ms
104.18.74.126,SJC,北美洲,圣何塞,193 ms
104.16.69.94,SJC,北美洲,圣何塞,193 ms
1.1.1.211,LAX,北美洲,洛杉矶,193 ms
104.22.18.3,LAX,北美洲,洛杉矶,193 ms
1.1.1.214,LAX,北美洲,洛杉矶,193 ms
104.24.42.9,LAX,北美洲,洛杉矶,193 ms
104.18.144.121,SJC,北美洲,圣何塞,193 ms
104.19.121.114,LAX,北美洲,洛杉矶,193 ms
1.1.1.234,LAX,北美洲,洛杉矶,193 ms
1.0.0.103,LAX,北美洲,洛杉矶,193 ms
104.16.22.35,SJC,北美洲,圣何塞,193 ms
1.1.1.235,LAX,北美洲,洛杉矶,193 ms
104.19.243.145,SJC,北美洲,圣何塞,193 ms
104.16.239.228,SJC,北美洲,圣何塞,193 ms
104.22.48.186,LAX,北美洲,洛杉矶,193 ms
1.0.0.200,LAX,北美洲,洛杉矶,193 ms
104.18.177.192,SJC,北美洲,圣何塞,193 ms
104.24.200.180,LAX,北美洲,洛杉矶,193 ms
104.18.49.249,LAX,北美洲,洛杉矶,193 ms
104.27.52.101,LAX,北美洲,洛杉矶,193 ms
1.1.1.101,LAX,北美洲,洛杉矶,193 ms
104.19.214.195,SJC,北美洲,圣何塞,193 ms
104.18.69.65,SJC,北美洲,圣何塞,193 ms
104.19.246.53,SJC,北美洲,圣何塞,193 ms
104.17.189.105,SJC,北美洲,圣何塞,193 ms
104.24.32.164,LAX,北美洲,洛杉矶,193 ms
104.16.29.177,SJC,北美洲,圣何塞,193 ms
104.17.133.151,SJC,北美洲,圣何塞,193 ms
104.20.133.158,LAX,北美洲,洛杉矶,193 ms
1.1.1.62,LAX,北美洲,洛杉矶,193 ms
1.1.1.23,LAX,北美洲,洛杉矶,193 ms
1.1.1.125,LAX,北美洲,洛杉矶,193 ms
104.16.10.30,SJC,北美洲,圣何塞,193 ms
1.1.1.6,LAX,北美洲,洛杉矶,193 ms
104.24.68.23,LAX,北美洲,洛杉矶,193 ms
1.1.1.185,LAX,北美洲,洛杉矶,194 ms
104.17.137.106,SJC,北美洲,圣何塞,194 ms
1.0.0.129,LAX,北美洲,洛杉矶,194 ms
104.24.8.59,LAX,北美洲,洛杉矶,194 ms
1.0.0.18,LAX,北美洲,洛杉矶,194 ms
1.0.0.80,LAX,北美洲,洛杉矶,194 ms
104.21.218.146,LAX,北美洲,洛杉矶,194 ms
104.18.140.184,SJC,北美洲,圣何塞,194 ms
104.18.61.123,LAX,北美洲,洛杉矶,194 ms
1.0.0.105,LAX,北美洲,洛杉矶,194 ms
104.19.236.54,SJC,北美洲,圣何塞,194 ms
1.0.0.150,LAX,北美洲,洛杉矶,194 ms
104.16.191.253,SJC,北美洲,圣何塞,194 ms
104.22.27.230,LAX,北美洲,洛杉矶,194 ms
104.19.67.73,LAX,北美洲,洛杉矶,194 ms
1.1.1.229,LAX,北美洲,洛杉矶,194 ms
1.0.0.178,LAX,北美洲,洛杉矶,194 ms
1.1.1.186,LAX,北美洲,洛杉矶,194 ms
1.1.1.178,LAX,北美洲,洛杉矶,194 ms
1.1.1.227,LAX,北美洲,洛杉矶,194 ms
1.1.1.251,LAX,北美洲,洛杉矶,194 ms
104.17.165.176,SJC,北美洲,圣何塞,194 ms
1.0.0.231,LAX,北美洲,洛杉矶,194 ms
1.0.0.180,LAX,北美洲,洛杉矶,194 ms
104.23.112.187,LAX,北美洲,洛杉矶,194 ms
104.16.169.105,SJC,北美洲,圣何塞,194 ms
1.1.1.83,LAX,北美洲,洛杉矶,194 ms
1.1.1.89,LAX,北美洲,洛杉矶,194 ms
1.1.1.204,LAX,北美洲,洛杉矶,194 ms
104.18.46.99,LAX,北美洲,洛杉矶,194 ms
104.23.121.38,LAX,北美洲,洛杉矶,194 ms
1.0.0.38,LAX,北美洲,洛杉矶,194 ms
104.24.12.111,LAX,北美洲,洛杉矶,194 ms
1.1.1.61,LAX,北美洲,洛杉矶,194 ms
104.27.47.152,LAX,北美洲,洛杉矶,194 ms
104.27.46.14,LAX,北美洲,洛杉矶,194 ms
104.22.23.190,LAX,北美洲,洛杉矶,194 ms
104.21.194.47,LAX,北美洲,洛杉矶,194 ms
104.18.199.165,SJC,北美洲,圣何塞,194 ms
1.0.0.60,LAX,北美洲,洛杉矶,194 ms
104.27.22.238,LAX,北美洲,洛杉矶,194 ms
104.19.81.160,LAX,北美洲,洛杉矶,194 ms
104.18.27.145,LAX,北美洲,洛杉矶,194 ms
104.22.31.115,LAX,北美洲,洛杉矶,194 ms
104.16.99.71,SJC,北美洲,圣何塞,194 ms
104.19.132.31,LAX,北美洲,洛杉矶,194 ms
104.17.192.174,SJC,北美洲,圣何塞,194 ms
104.19.79.113,LAX,北美洲,洛杉矶,194 ms
104.23.118.130,LAX,北美洲,洛杉矶,194 ms
104.16.42.162,SJC,北美洲,圣何塞,195 ms
1.1.1.55,LAX,北美洲,洛杉矶,195 ms
104.16.88.152,SJC,北美洲,圣何塞,195 ms
1.0.0.38,LAX,北美洲,洛杉矶,195 ms
104.17.15.62,SJC,北美洲,圣何塞,195 ms
104.22.46.123,LAX,北美洲,洛杉矶,195 ms
1.1.1.106,LAX,北美洲,洛杉矶,195 ms
104.23.98.97,LAX,北美洲,洛杉矶,195 ms
1.0.0.101,LAX,北美洲,洛杉矶,195 ms
1.0.0.248,LAX,北美洲,洛杉矶,195 ms
104.18.128.129,SJC,北美洲,圣何塞,195 ms
104.18.118.94,SJC,北美洲,圣何塞,195 ms
1.0.0.199,LAX,北美洲,洛杉矶,195 ms
1.0.0.83,LAX,北美洲,洛杉矶,195 ms
1.0.0.104,LAX,北美洲,洛杉矶,195 ms
1.1.1.83,LAX,北美洲,洛杉矶,195 ms
104.19.68.208,LAX,北美洲,洛杉矶,195 ms
1.1.1.221,LAX,北美洲,洛杉矶,195 ms
1.1.1.6,LAX,北美洲,洛杉矶,195 ms
104.27.19.95,LAX,北美洲,洛杉矶,195 ms
104.19.16.78,LAX,北美洲,洛杉矶,195 ms
104.18.206.49,SJC,北美洲,圣何塞,195 ms
1.1.1.229,LAX,北美洲,洛杉矶,195 ms
104.24.24.226,LAX,北美洲,洛杉矶,195 ms
104.19.244.240,SJC,北美洲,圣何塞,195 ms
104.27.14.61,LAX,北美洲,洛杉矶,195 ms
104.22.22.167,LAX,北美洲,洛杉矶,195 ms
104.21.195.75,LAX,北美洲,洛杉矶,195 ms
104.16.117.153,SJC,北美洲,圣何塞,195 ms
104.17.243.108,SJC,北美洲,圣何塞,195 ms
1.0.0.231,LAX,北美洲,洛杉矶,195 ms
1.0.0.3,LAX,北美洲,洛杉矶,195 ms
1.1.1.78,LAX,北美洲,洛杉矶,195 ms
104.24.86.17,LAX,北美洲,洛杉矶,195 ms
104.16.226.205,SJC,北美洲,圣何塞,195 ms
104.17.183.39,SJC,北美洲,圣何塞,195 ms
1.1.1.57,LAX,北美洲,洛杉矶,195 ms
104.22.40.234,LAX,北美洲,洛杉矶,195 ms
104.18.217.253,SJC,北美洲,圣何塞,195 ms
1.1.1.140,LAX,北美洲,洛杉矶,195 ms
1.0.0.87,LAX,北美洲,洛杉矶,195 ms
1.0.0.179,LAX,北美洲,洛杉矶,195 ms
104.24.184.32,LAX,北美洲,洛杉矶,195 ms
104.18.173.84,SJC,北美洲,圣何塞,195 ms
104.27.51.107,LAX,北美洲,洛杉矶,195 ms
104.27.53.222,LAX,北美洲,洛杉矶,195 ms
1.1.1.251,LAX,北美洲,洛杉矶,195 ms
104.21.198.197,LAX,北美洲,洛杉矶,195 ms
1.1.1.221,LAX,北美洲,洛杉矶,195 ms
1.1.1.60,LAX,北美洲,洛杉矶,195 ms
104.31.16.11,LAX,北美洲,洛杉矶,195 ms
1.0.0.170,LAX,北美洲,洛杉矶,195 ms
104.19.205.24,LAX,北美洲,洛杉矶,195 ms
1.1.1.91,LAX,北美洲,洛杉矶,195 ms
104.21.236.25,SJC,北美洲,圣何塞,196 ms
1.1.1.231,LAX,北美洲,洛杉矶,196 ms
104.24.13.248,LAX,北美洲,洛杉矶,196 ms
104.18.0.56,LAX,北美洲,洛杉矶,196 ms
104.16.112.41,SJC,北美洲,圣何塞,196 ms
104.19.78.96,LAX,北美洲,洛杉矶,196 ms
104.17.97.93,SJC,北美洲,圣何塞,196 ms
104.18.123.235,SJC,北美洲,圣何塞,196 ms
1.1.1.237,LAX,北美洲,洛杉矶,196 ms
104.24.39.233,LAX,北美洲,洛杉矶,196 ms
104.27.5.154,LAX,北美洲,洛杉矶,196 ms
104.19.127.138,LAX,北美洲,洛杉矶,196 ms
104.20.208.78,LAX,北美洲,洛杉矶,196 ms
1.0.0.111,LAX,北美洲,洛杉矶,196 ms
104.18.52.118,LAX,北美洲,洛杉矶,196 ms
1.0.0.239,LAX,北美洲,洛杉矶,196 ms
104.18.53.56,LAX,北美洲,洛杉矶,196 ms
1.1.1.164,LAX,北美洲,洛杉矶,196 ms
1.1.1.21,LAX,北美洲,洛杉矶,196 ms
1.1.1.106,LAX,北美洲,洛杉矶,196 ms
104.19.28.8,LAX,北美洲,洛杉矶,196 ms
104.24.31.21,LAX,北美洲,洛杉矶,196 ms
104.24.23.0,LAX,北美洲,洛杉矶,196 ms
1.0.0.34,LAX,北美洲,洛杉矶,196 ms
1.0.0.18,LAX,北美洲,洛杉矶,196 ms
104.22.8.173,LAX,北美洲,洛杉矶,196 ms
1.1.1.250,LAX,北美洲,洛杉矶,196 ms
104.19.126.254,LAX,北美洲,洛杉矶,196 ms
1.1.1.50,LAX,北美洲,洛杉矶,196 ms
104.17.181.27,SJC,北美洲,圣何塞,196 ms
1.1.1.254,LAX,北美洲,洛杉矶,196 ms
104.22.9.52,LAX,北美洲,洛杉矶,196 ms
104.27.13.173,LAX,北美洲,洛杉矶,196 ms
104.20.2.227,LAX,北美洲,洛杉矶,196 ms
1.0.0.105,LAX,北美洲,洛杉矶,196 ms
104.16.230.107,SJC,北美洲,圣何塞,196 ms
104.19.3.217,LAX,北美洲,洛杉矶,196 ms
1.1.1.78,LAX,北美洲,洛杉矶,196 ms
1.1.1.21,LAX,北美洲,洛杉矶,196 ms
104.19.200.141,LAX,北美洲,洛杉矶,196 ms
1.0.0.9,LAX,北美洲,洛杉矶,196 ms
104.19.228.211,SJC,北美洲,圣何塞,196 ms
1.0.0.124,LAX,北美洲,洛杉矶,196 ms
1.1.1.233,LAX,北美洲,洛杉矶,196 ms
104.17.178.11,SJC,北美洲,圣何塞,196 ms
104.23.133.224,LAX,北美洲,洛杉矶,196 ms
104.18.194.142,SJC,北美洲,圣何塞,196 ms
1.0.0.170,LAX,北美洲,洛杉矶,196 ms
104.27.20.200,LAX,北美洲,洛杉矶,196 ms
104.17.224.234,SJC,北美洲,圣何塞,196 ms
1.1.1.221,LAX,北美洲,洛杉矶,196 ms
1.0.0.106,LAX,北美洲,洛杉矶,196 ms
1.0.0.113,LAX,北美洲,洛杉矶,196 ms
1.0.0.83,LAX,北美洲,洛杉矶,196 ms
104.16.38.113,SJC,北美洲,圣何塞,196 ms
104.19.235.32,SJC,北美洲,圣何塞,196 ms
104.19.191.94,SJC,北美洲,圣何塞,196 ms
104.19.123.219,LAX,北美洲,洛杉矶,196 ms
1.1.1.250,LAX,北美洲,洛杉矶,197 ms
104.20.95.152,LAX,北美洲,洛杉矶,197 ms
104.22.77.214,LAX,北美洲,洛杉矶,197 ms
1.1.1.128,LAX,北美洲,洛杉矶,197 ms
1.0.0.121,LAX,北美洲,洛杉矶,197 ms
104.22.33.157,LAX,北美洲,洛杉矶,197 ms
1.1.1.237,LAX,北美洲,洛杉矶,197 ms
104.18.148.53,SJC,北美洲,圣何塞,197 ms
1.1.1.244,LAX,北美洲,洛杉矶,197 ms
1.0.0.58,LAX,北美洲,洛杉矶,197 ms
104.24.41.1,LAX,北美洲,洛杉矶,197 ms
104.19.46.191,LAX,北美洲,洛杉矶,197 ms
104.24.85.125,LAX,北美洲,洛杉矶,197 ms
104.17.135.234,SJC,北美洲,圣何塞,197 ms
104.18.30.66,LAX,北美洲,洛杉矶,197 ms
104.17.145.236,SJC,北美洲,圣何塞,197 ms
104.16.251.88,SJC,北美洲,圣何塞,197 ms
1.1.1.147,LAX,北美洲,洛杉矶,197 ms
1.1.1.57,LAX,北美洲,洛杉矶,197 ms
1.1.1.91,LAX,北美洲,洛杉矶,197 ms
1.1.1.244,LAX,北美洲,洛杉矶,197 ms
104.24.190.71,LAX,北美洲,洛杉矶,197 ms
104.19.101.37,LAX,北美洲,洛杉矶,197 ms
104.17.219.218,SJC,北美洲,圣何塞,197 ms
1.1.1.78,LAX,北美洲,洛杉矶,197 ms
104.22.71.84,LAX,北美洲,洛杉矶,197 ms
104.17.75.22,SJC,北美洲,圣何塞,197 ms
104.18.130.145,SJC,北美洲,圣何塞,197 ms
104.18.43.202,LAX,北美洲,洛杉矶,197 ms
104.22.28.29,LAX,北美洲,洛杉矶,197 ms
104.23.143.40,LAX,北美洲,洛杉矶,197 ms
104.18.28.211,LAX,北美洲,洛杉矶,197 ms
104.18.147.178,SJC,北美洲,圣何塞,197 ms
104.22.11.108,LAX,北美洲,洛杉矶,197 ms
1.0.0.68,LAX,北美洲,洛杉矶,197 ms
104.19.56.49,LAX,北美洲,洛杉矶,197 ms
104.20.92.98,LAX,北美洲,洛杉矶,197 ms
104.16.232.114,SJC,北美洲,圣何塞,197 ms
1.1.1.58,LAX,北美洲,洛杉矶,197 ms
1.1.1.110,LAX,北美洲,洛杉矶,197 ms
1.1.1.145,LAX,北美洲,洛杉矶,197 ms
104.19.25.140,LAX,北美洲,洛杉矶,197 ms
104.18.89.182,SJC,北美洲,圣何塞,197 ms
104.18.91.157,SJC,北美洲,圣何塞,197 ms
104.16.202.89,SJC,北美洲,圣何塞,197 ms
104.16.126.202,SJC,北美洲,圣何塞,197 ms
1.1.1.19,LAX,北美洲,洛杉矶,197 ms
104.23.106.124,LAX,北美洲,洛杉矶,197 ms
1.1.1.170,LAX,北美洲,洛杉矶,197 ms
104.22.35.233,LAX,北美洲,洛杉矶,197 ms
104.22.61.116,LAX,北美洲,洛杉矶,197 ms
104.17.27.166,SJC,北美洲,圣何塞,197 ms
104.19.137.248,LAX,北美洲,洛杉矶,197 ms
104.24.49.130,LAX,北美洲,洛杉矶,197 ms
104.24.48.195,LAX,北美洲,洛杉矶,197 ms
104.24.46.76,LAX,北美洲,洛杉矶,197 ms
1.1.1.24,LAX,北美洲,洛杉矶,197 ms
1.1.1.114,LAX,北美洲,洛杉矶,197 ms
1.1.1.78,LAX,北美洲,洛杉矶,197 ms
104.18.231.52,SJC,北美洲,圣何塞,197 ms
1.1.1.208,LAX,北美洲,洛杉矶,197 ms
104.18.96.180,SJC,北美洲,圣何塞,198 ms
1.0.0.228,LAX,北美洲,洛杉矶,198 ms
104.17.83.98,SJC,北美洲,圣何塞,198 ms
104.17.238.228,SJC,北美洲,圣何塞,198 ms
1.1.1.52,LAX,北美洲,洛杉矶,198 ms
104.19.242.147,SJC,北美洲,圣何塞,198 ms
104.19.233.49,SJC,北美洲,圣何塞,198 ms
1.1.1.7,LAX,北美洲,洛杉矶,198 ms
104.24.71.91,LAX,北美洲,洛杉矶,198 ms
1.1.1.58,LAX,北美洲,洛杉矶,198 ms
104.17.158.155,SJC,北美洲,圣何塞,198 ms
104.16.249.189,SJC,北美洲,圣何塞,198 ms
1.1.1.68,LAX,北美洲,洛杉矶,198 ms
104.23.116.209,LAX,北美洲,洛杉矶,198 ms
104.24.22.96,LAX,北美洲,洛杉矶,198 ms
104.17.198.233,SJC,北美洲,圣何塞,198 ms
104.19.90.34,LAX,北美洲,洛杉矶,198 ms
104.19.19.53,LAX,北美洲,洛杉矶,198 ms
104.20.137.77,LAX,北美洲,洛杉矶,198 ms
1.0.0.224,LAX,北美洲,洛杉矶,198 ms
1.1.1.128,LAX,北美洲,洛杉矶,198 ms
104.19.159.212,SJC,北美洲,圣何塞,198 ms
1.1.1.100,LAX,北美洲,洛杉矶,198 ms
1.1.1.233,LAX,北美洲,洛杉矶,198 ms
104.20.207.182,LAX,北美洲,洛杉矶,198 ms
104.19.44.246,LAX,北美洲,洛杉矶,198 ms
104.18.232.7,SJC,北美洲,圣何塞,198 ms
1.0.0.58,LAX,北美洲,洛杉矶,198 ms
104.16.85.84,SJC,北美洲,圣何塞,198 ms
1.1.1.24,LAX,北美洲,洛杉矶,198 ms
1.1.1.170,LAX,北美洲,洛杉矶,198 ms
1.0.0.229,LAX,北美洲,洛杉矶,198 ms
1.1.1.237,LAX,北美洲,洛杉矶,198 ms
104.17.108.114,SJC,北美洲,圣何塞,198 ms
1.1.1.244,LAX,北美洲,洛杉矶,198 ms
104.18.125.111,SJC,北美洲,圣何塞,198 ms
104.18.37.119,LAX,北美洲,洛杉矶,198 ms
104.18.251.57,SJC,北美洲,圣何塞,198 ms
104.19.113.15,LAX,北美洲,洛杉矶,198 ms
104.24.163.206,LAX,北美洲,洛杉矶,198 ms
104.18.16.43,LAX,北美洲,洛杉矶,198 ms
104.17.3.214,SJC,北美洲,圣何塞,198 ms
104.19.52.205,LAX,北美洲,洛杉矶,198 ms
104.21.208.43,LAX,北美洲,洛杉矶,198 ms
1.0.0.103,LAX,北美洲,洛杉矶,198 ms
1.0.0.38,LAX,北美洲,洛杉矶,198 ms
104.19.13.168,LAX,北美洲,洛杉矶,198 ms
104.23.102.216,LAX,北美洲,洛杉矶,198 ms
104.19.30.117,LAX,北美洲,洛杉矶,198 ms
104.18.6.110,LAX,北美洲,洛杉矶,198 ms
104.19.69.226,LAX,北美洲,洛杉矶,198 ms
104.21.192.234,LAX,北美洲,洛杉矶,198 ms
104.22.56.4,LAX,北美洲,洛杉矶,198 ms
104.19.202.139,LAX,北美洲,洛杉矶,198 ms
104.22.76.107,LAX,北美洲,洛杉矶,198 ms
1.1.1.7,LAX,北美洲,洛杉矶,198 ms
1.1.1.111,LAX,北美洲,洛杉矶,198 ms
104.17.107.47,SJC,北美洲,圣何塞,198 ms
1.1.1.15,LAX,北美洲,洛杉矶,198 ms
104.22.34.252,LAX,北美洲,洛杉矶,198 ms
1.1.1.91,LAX,北美洲,洛杉矶,198 ms
104.18.63.128,LAX,北美洲,洛杉矶,199 ms
104.20.135.51,LAX,北美洲,洛杉矶,199 ms
23.227.60.51,LAX,北美洲,洛杉矶,199 ms
104.16.103.30,SJC,北美洲,圣何塞,199 ms
104.22.49.168,LAX,北美洲,洛杉矶,199 ms
104.19.8.44,LAX,北美洲,洛杉矶,199 ms
104.19.216.143,SJC,北美洲,圣何塞,199 ms
104.24.35.102,LAX,北美洲,洛杉矶,199 ms
104.19.98.80,LAX,北美洲,洛杉矶,199 ms
104.24.34.191,LAX,北美洲,洛杉矶,199 ms
104.24.33.162,LAX,北美洲,洛杉矶,199 ms
104.22.4.179,LAX,北美洲,洛杉矶,199 ms
1.1.1.252,LAX,北美洲,洛杉矶,199 ms
104.17.6.138,SJC,北美洲,圣何塞,199 ms
104.16.67.174,SJC,北美洲,圣何塞,199 ms
104.17.245.10,SJC,北美洲,圣何塞,199 ms
104.18.1.220,LAX,北美洲,洛杉矶,199 ms
104.18.39.139,LAX,北美洲,洛杉矶,199 ms
1.1.1.158,LAX,北美洲,洛杉矶,199 ms
104.19.23.167,LAX,北美洲,洛杉矶,199 ms
104.24.196.29,LAX,北美洲,洛杉矶,199 ms
104.18.236.111,SJC,北美洲,圣何塞,199 ms
1.1.1.202,LAX,北美洲,洛杉矶,199 ms
1.1.1.125,LAX,北美洲,洛杉矶,199 ms
1.1.1.179,LAX,北美洲,洛杉矶,199 ms
104.19.154.61,SJC,北美洲,圣何塞,199 ms
104.19.12.52,LAX,北美洲,洛杉矶,199 ms
1.1.1.42,LAX,北美洲,洛杉矶,199 ms
104.16.97.237,SJC,北美洲,圣何塞,199 ms
104.19.37.169,LAX,北美洲,洛杉矶,199 ms
104.19.66.183,LAX,北美洲,洛杉矶,199 ms
104.18.35.182,LAX,北美洲,洛杉矶,199 ms
104.18.2.14,LAX,北美洲,洛杉矶,199 ms
1.0.0.247,LAX,北美洲,洛杉矶,199 ms
104.17.25.128,SJC,北美洲,圣何塞,199 ms
104.19.31.157,LAX,北美洲,洛杉矶,199 ms
104.17.90.108,SJC,北美洲,圣何塞,199 ms
104.19.49.104,LAX,北美洲,洛杉矶,199 ms
104.18.70.36,SJC,北美洲,圣何塞,199 ms
104.18.17.118,LAX,北美洲,洛杉矶,199 ms
104.21.193.159,LAX,北美洲,洛杉矶,199 ms
104.24.6.153,LAX,北美洲,洛杉矶,199 ms
104.22.39.64,LAX,北美洲,洛杉矶,199 ms
1.1.1.152,LAX,北美洲,洛杉矶,199 ms
104.17.177.70,SJC,北美洲,圣何塞,199 ms
1.1.1.36,LAX,北美洲,洛杉矶,199 ms
1.1.1.191,LAX,北美洲,洛杉矶,199 ms
104.24.11.10,LAX,北美洲,洛杉矶,199 ms
1.0.0.232,LAX,北美洲,洛杉矶,199 ms
104.18.57.7,LAX,北美洲,洛杉矶,199 ms
104.16.24.160,SJC,北美洲,圣何塞,199 ms
1.1.1.125,LAX,北美洲,洛杉矶,199 ms
104.22.66.60,LAX,北美洲,洛杉矶,199 ms
1.0.0.8,LAX,北美洲,洛杉矶,199 ms
1.1.1.91,LAX,北美洲,洛杉矶,199 ms
1.1.1.250,LAX,北美洲,洛杉矶,199 ms
1.1.1.156,LAX,北美洲,洛杉矶,199 ms
104.16.198.4,SJC,北美洲,圣何塞,199 ms
1.1.1.28,LAX,北美洲,洛杉矶,199 ms
104.17.20.203,SJC,北美洲,圣何塞,199 ms
104.22.25.247,LAX,北美洲,洛杉矶,199 ms
104.16.50.107,SJC,北美洲,圣何塞,199 ms
1.0.0.188,LAX,北美洲,洛杉矶,199 ms
1.0.0.43,LAX,北美洲,洛杉矶,199 ms
1.0.0.225,LAX,北美洲,洛杉矶,199 ms
1.1.1.6,LAX,北美洲,洛杉矶,199 ms
23.227.39.208,LAX,北美洲,洛杉矶,199 ms
1.1.1.156,LAX,北美洲,洛杉矶,199 ms
104.21.228.50,SJC,北美洲,圣何塞,199 ms
1.1.1.56,LAX,北美洲,洛杉矶,199 ms
104.24.0.97,LAX,北美洲,洛杉矶,199 ms
104.24.61.161,LAX,北美洲,洛杉矶,200 ms
104.23.119.157,LAX,北美洲,洛杉矶,200 ms
104.18.160.92,SJC,北美洲,圣何塞,200 ms
1.0.0.53,LAX,北美洲,洛杉矶,200 ms
104.18.11.21,LAX,北美洲,洛杉矶,200 ms
104.24.189.51,LAX,北美洲,洛杉矶,200 ms
104.19.122.125,LAX,北美洲,洛杉矶,200 ms
104.16.14.47,SJC,北美洲,圣何塞,200 ms
1.1.1.245,LAX,北美洲,洛杉矶,200 ms
104.19.218.141,SJC,北美洲,圣何塞,200 ms
104.19.220.143,SJC,北美洲,圣何塞,200 ms
104.19.219.115,SJC,北美洲,圣何塞,200 ms
104.19.1.170,LAX,北美洲,洛杉矶,200 ms
104.19.2.178,LAX,北美洲,洛杉矶,200 ms
104.21.52.119,LAX,北美洲,洛杉矶,200 ms
104.24.90.222,LAX,北美洲,洛杉矶,200 ms
104.19.60.85,LAX,北美洲,洛杉矶,200 ms
104.18.111.176,SJC,北美洲,圣何塞,200 ms
104.20.97.225,LAX,北美洲,洛杉矶,200 ms
104.23.130.234,LAX,北美洲,洛杉矶,200 ms
1.1.1.238,LAX,北美洲,洛杉矶,200 ms
104.19.14.123,LAX,北美洲,洛杉矶,200 ms
1.1.1.29,LAX,北美洲,洛杉矶,200 ms
1.1.1.186,LAX,北美洲,洛杉矶,200 ms
1.0.0.83,LAX,北美洲,洛杉矶,200 ms
1.1.1.177,LAX,北美洲,洛杉矶,200 ms
1.0.0.3,LAX,北美洲,洛杉矶,200 ms
104.19.40.207,LAX,北美洲,洛杉矶,200 ms
104.18.101.245,SJC,北美洲,圣何塞,200 ms
104.22.14.70,LAX,北美洲,洛杉矶,200 ms
1.0.0.255,LAX,北美洲,洛杉矶,200 ms
104.18.226.69,SJC,北美洲,圣何塞,200 ms
104.16.247.89,SJC,北美洲,圣何塞,200 ms
104.22.26.223,LAX,北美洲,洛杉矶,200 ms
104.21.205.134,LAX,北美洲,洛杉矶,200 ms
104.21.206.8,LAX,北美洲,洛杉矶,200 ms
104.22.75.183,LAX,北美洲,洛杉矶,200 ms
104.27.15.16,LAX,北美洲,洛杉矶,200 ms
104.17.173.99,SJC,北美洲,圣何塞,200 ms
1.0.0.70,LAX,北美洲,洛杉矶,200 ms
104.19.35.106,LAX,北美洲,洛杉矶,200 ms
1.1.1.89,LAX,北美洲,洛杉矶,200 ms
1.0.0.115,LAX,北美洲,洛杉矶,200 ms
104.19.138.144,LAX,北美洲,洛杉矶,200 ms
104.22.37.123,LAX,北美洲,洛杉矶,200 ms
104.20.94.196,LAX,北美洲,洛杉矶,200 ms
1.1.1.152,LAX,北美洲,洛杉矶,200 ms
1.1.1.228,LAX,北美洲,洛杉矶,200 ms
104.19.222.235,SJC,北美洲,圣何塞,200 ms
104.22.70.37,LAX,北美洲,洛杉矶,200 ms
104.19.194.232,LAX,北美洲,洛杉矶,200 ms
1.0.0.166,LAX,北美洲,洛杉矶,200 ms
104.24.54.148,LAX,北美洲,洛杉矶,200 ms
104.16.31.83,SJC,北美洲,圣何塞,200 ms
1.0.0.7,LAX,北美洲,洛杉矶,200 ms
104.22.15.170,LAX,北美洲,洛杉矶,200 ms
1.1.1.120,LAX,北美洲,洛杉矶,200 ms
1.0.0.209,LAX,北美洲,洛杉矶,200 ms
104.17.123.125,SJC,北美洲,圣何塞,200 ms
1.0.0.232,LAX,北美洲,洛杉矶,200 ms
1.1.1.245,LAX,北美洲,洛杉矶,200 ms
104.27.24.18,LAX,北美洲,洛杉矶,200 ms
104.27.23.217,LAX,北美洲,洛杉矶,200 ms
1.0.0.132,LAX,北美洲,洛杉矶,200 ms
1.1.1.116,LAX,北美洲,洛杉矶,200 ms
1.1.1.131,LAX,北美洲,洛杉矶,200 ms
104.20.131.225,LAX,北美洲,洛杉矶,200 ms
104.23.142.144,LAX,北美洲,洛杉矶,200 ms
104.24.175.175,LAX,北美洲,洛杉矶,200 ms
1.1.1.104,LAX,北美洲,洛杉矶,200 ms
1.0.0.121,LAX,北美洲,洛杉矶,200 ms
104.18.186.80,SJC,北美洲,圣何塞,200 ms
104.16.49.136,SJC,北美洲,圣何塞,200 ms
104.24.55.13,LAX,北美洲,洛杉矶,200 ms
104.16.218.214,SJC,北美洲,圣何塞,200 ms
104.24.194.39,LAX,北美洲,洛杉矶,200 ms
1.1.1.118,LAX,北美洲,洛杉矶,200 ms
104.20.164.250,LAX,北美洲,洛杉矶,200 ms
104.23.123.96,LAX,北美洲,洛杉矶,200 ms
104.19.89.44,LAX,北美洲,洛杉矶,201 ms
104.16.61.253,SJC,北美洲,圣何塞,201 ms
104.16.7.155,SJC,北美洲,圣何塞,201 ms
1.1.1.252,LAX,北美洲,洛杉矶,201 ms
104.16.138.86,SJC,北美洲,圣何塞,201 ms
104.22.50.46,LAX,北美洲,洛杉矶,201 ms
104.19.42.68,LAX,北美洲,洛杉矶,201 ms
104.24.15.151,LAX,北美洲,洛杉矶,201 ms
104.19.75.79,LAX,北美洲,洛杉矶,201 ms
104.18.126.127,SJC,北美洲,圣何塞,201 ms
104.20.93.27,LAX,北美洲,洛杉矶,201 ms
1.1.1.186,LAX,北美洲,洛杉矶,201 ms
104.19.62.53,LAX,北美洲,洛杉矶,201 ms
1.1.1.144,LAX,北美洲,洛杉矶,201 ms
104.22.30.163,LAX,北美洲,洛杉矶,201 ms
1.0.0.70,LAX,北美洲,洛杉矶,201 ms
104.16.192.21,SJC,北美洲,圣何塞,201 ms
104.22.2.215,LAX,北美洲,洛杉矶,201 ms
1.1.1.27,LAX,北美洲,洛杉矶,201 ms
104.16.238.94,SJC,北美洲,圣何塞,201 ms
104.22.36.223,LAX,北美洲,洛杉矶,201 ms
1.1.1.24,LAX,北美洲,洛杉矶,201 ms
1.1.1.206,LAX,北美洲,洛杉矶,201 ms
1.1.1.21,LAX,北美洲,洛杉矶,201 ms
104.18.149.157,SJC,北美洲,圣何塞,201 ms
104.24.78.39,LAX,北美洲,洛杉矶,201 ms
104.19.22.78,LAX,北美洲,洛杉矶,201 ms
1.1.1.170,LAX,北美洲,洛杉矶,201 ms
104.22.16.212,LAX,北美洲,洛杉矶,201 ms
1.1.1.219,LAX,北美洲,洛杉矶,201 ms
1.0.0.94,LAX,北美洲,洛杉矶,201 ms
104.19.119.80,LAX,北美洲,洛杉矶,201 ms
1.0.0.45,LAX,北美洲,洛杉矶,201 ms
104.22.5.216,LAX,北美洲,洛杉矶,201 ms
104.16.178.89,SJC,北美洲,圣何塞,201 ms
1.0.0.140,LAX,北美洲,洛杉矶,201 ms
104.19.162.183,SJC,北美洲,圣何塞,201 ms
104.17.186.83,SJC,北美洲,圣何塞,201 ms
1.0.0.153,LAX,北美洲,洛杉矶,201 ms
104.17.29.101,SJC,北美洲,圣何塞,201 ms
104.16.64.42,SJC,北美洲,圣何塞,201 ms
104.19.249.171,SJC,北美洲,圣何塞,201 ms
104.20.250.233,LAX,北美洲,洛杉矶,201 ms
1.0.0.15,LAX,北美洲,洛杉矶,201 ms
104.18.20.164,LAX,北美洲,洛杉矶,201 ms
104.19.76.199,LAX,北美洲,洛杉矶,201 ms
1.0.0.186,LAX,北美洲,洛杉矶,201 ms
104.19.193.63,LAX,北美洲,洛杉矶,201 ms
104.18.159.151,SJC,北美洲,圣何塞,201 ms
1.1.1.247,LAX,北美洲,洛杉矶,201 ms
104.17.101.168,SJC,北美洲,圣何塞,201 ms
1.0.0.81,LAX,北美洲,洛杉矶,201 ms
1.1.1.220,LAX,北美洲,洛杉矶,201 ms
1.0.0.36,LAX,北美洲,洛杉矶,201 ms
1.1.1.184,LAX,北美洲,洛杉矶,201 ms
104.24.73.188,LAX,北美洲,洛杉矶,201 ms
104.19.111.165,LAX,北美洲,洛杉矶,201 ms
104.24.152.153,LAX,北美洲,洛杉矶,201 ms
104.18.105.214,SJC,北美洲,圣何塞,201 ms
104.16.252.69,SJC,北美洲,圣何塞,201 ms
1.1.1.156,LAX,北美洲,洛杉矶,201 ms
104.19.18.13,LAX,北美洲,洛杉矶,201 ms
104.16.4.20,SJC,北美洲,圣何塞,201 ms
104.19.88.110,LAX,北美洲,洛杉矶,202 ms
104.19.102.97,LAX,北美洲,洛杉矶,202 ms
104.18.72.246,SJC,北美洲,圣何塞,202 ms
104.22.53.238,LAX,北美洲,洛杉矶,202 ms
104.18.13.120,LAX,北美洲,洛杉矶,202 ms
104.22.57.182,LAX,北美洲,洛杉矶,202 ms
104.22.68.180,LAX,北美洲,洛杉矶,202 ms
104.21.204.225,LAX,北美洲,洛杉矶,202 ms
1.1.1.24,LAX,北美洲,洛杉矶,202 ms
104.24.75.129,LAX,北美洲,洛杉矶,202 ms
104.19.130.82,LAX,北美洲,洛杉矶,202 ms
1.1.1.212,LAX,北美洲,洛杉矶,202 ms
104.19.21.212,LAX,北美洲,洛杉矶,202 ms
104.21.224.127,SJC,北美洲,圣何塞,202 ms
104.16.136.64,SJC,北美洲,圣何塞,202 ms
104.22.65.142,LAX,北美洲,洛杉矶,202 ms
104.24.57.8,LAX,北美洲,洛杉矶,202 ms
1.0.0.121,LAX,北美洲,洛杉矶,202 ms
104.18.15.198,LAX,北美洲,洛杉矶,202 ms
1.0.0.9,LAX,北美洲,洛杉矶,202 ms
1.0.0.55,LAX,北美洲,洛杉矶,202 ms
104.19.64.20,LAX,北美洲,洛杉矶,202 ms
104.16.188.65,SJC,北美洲,圣何塞,202 ms
1.1.1.242,LAX,北美洲,洛杉矶,202 ms
104.17.180.142,SJC,北美洲,圣何塞,202 ms
1.0.0.245,LAX,北美洲,洛杉矶,202 ms
104.18.188.67,SJC,北美洲,圣何塞,202 ms
104.19.82.160,LAX,北美洲,洛杉矶,202 ms
1.1.1.39,LAX,北美洲,洛杉矶,202 ms
1.0.0.249,LAX,北美洲,洛杉矶,202 ms
1.1.1.13,LAX,北美洲,洛杉矶,202 ms
104.18.47.20,LAX,北美洲,洛杉矶,202 ms
104.22.29.80,LAX,北美洲,洛杉矶,202 ms
104.18.209.247,SJC,北美洲,圣何塞,202 ms
104.23.109.89,LAX,北美洲,洛杉矶,202 ms
104.24.177.13,LAX,北美洲,洛杉矶,202 ms
104.23.114.168,LAX,北美洲,洛杉矶,202 ms
1.0.0.141,LAX,北美洲,洛杉矶,202 ms
104.21.211.73,LAX,北美洲,洛杉矶,202 ms
1.0.0.67,LAX,北美洲,洛杉矶,202 ms
104.20.0.101,LAX,北美洲,洛杉矶,202 ms
1.1.1.139,LAX,北美洲,洛杉矶,202 ms
104.20.104.174,LAX,北美洲,洛杉矶,202 ms
1.1.1.41,LAX,北美洲,洛杉矶,202 ms
1.1.1.139,LAX,北美洲,洛杉矶,202 ms
104.22.54.107,LAX,北美洲,洛杉矶,202 ms
104.19.47.220,LAX,北美洲,洛杉矶,202 ms
104.24.26.56,LAX,北美洲,洛杉矶,202 ms
104.19.143.232,LAX,北美洲,洛杉矶,202 ms
104.18.31.131,LAX,北美洲,洛杉矶,202 ms
104.19.83.204,LAX,北美洲,洛杉矶,202 ms
1.0.0.53,LAX,北美洲,洛杉矶,202 ms
1.1.1.72,LAX,北美洲,洛杉矶,202 ms
104.23.120.228,LAX,北美洲,洛杉矶,202 ms
104.24.207.27,LAX,北美洲,洛杉矶,202 ms
104.18.190.188,SJC,北美洲,圣何塞,202 ms
104.20.136.228,LAX,北美洲,洛杉矶,202 ms
104.21.12.37,LAX,北美洲,洛杉矶,202 ms
1.1.1.63,LAX,北美洲,洛杉矶,202 ms
104.22.67.124,LAX,北美洲,洛杉矶,202 ms
104.18.32.85,LAX,北美洲,洛杉矶,202 ms
104.17.164.217,SJC,北美洲,圣何塞,202 ms
1.1.1.94,LAX,北美洲,洛杉矶,202 ms
104.19.72.32,LAX,北美洲,洛杉矶,202 ms
104.18.176.30,SJC,北美洲,圣何塞,202 ms
1.0.0.47,LAX,北美洲,洛杉矶,202 ms
1.0.0.69,LAX,北美洲,洛杉矶,202 ms
104.18.22.35,LAX,北美洲,洛杉矶,203 ms
1.0.0.117,LAX,北美洲,洛杉矶,203 ms
104.18.5.103,LAX,北美洲,洛杉矶,203 ms
1.1.1.122,LAX,北美洲,洛杉矶,203 ms
104.19.93.225,LAX,北美洲,洛杉矶,203 ms
104.27.31.221,LAX,北美洲,洛杉矶,203 ms
104.27.26.187,LAX,北美洲,洛杉矶,203 ms
104.24.2.9,LAX,北美洲,洛杉矶,203 ms
1.0.0.148,LAX,北美洲,洛杉矶,203 ms
1.0.0.121,LAX,北美洲,洛杉矶,203 ms
104.27.38.94,LAX,北美洲,洛杉矶,203 ms
104.27.35.93,LAX,北美洲,洛杉矶,203 ms
1.1.1.222,LAX,北美洲,洛杉矶,203 ms
1.1.1.196,LAX,北美洲,洛杉矶,203 ms
104.18.83.44,SJC,北美洲,圣何塞,203 ms
104.20.38.147,LAX,北美洲,洛杉矶,203 ms
1.0.0.142,LAX,北美洲,洛杉矶,203 ms
104.18.41.147,LAX,北美洲,洛杉矶,203 ms
104.20.139.239,LAX,北美洲,洛杉矶,203 ms
1.1.1.41,LAX,北美洲,洛杉矶,203 ms
104.20.81.182,LAX,北美洲,洛杉矶,203 ms
104.24.197.90,LAX,北美洲,洛杉矶,203 ms
104.23.100.213,LAX,北美洲,洛杉矶,203 ms
1.1.1.42,LAX,北美洲,洛杉矶,203 ms
1.1.1.139,LAX,北美洲,洛杉矶,203 ms
1.0.0.149,LAX,北美洲,洛杉矶,203 ms
104.17.139.90,SJC,北美洲,圣何塞,203 ms
104.18.9.147,LAX,北美洲,洛杉矶,203 ms
104.20.163.164,LAX,北美洲,洛杉矶,203 ms
104.16.116.28,SJC,北美洲,圣何塞,203 ms
104.22.6.150,LAX,北美洲,洛杉矶,203 ms
1.1.1.19,LAX,北美洲,洛杉矶,203 ms
104.19.48.118,LAX,北美洲,洛杉矶,203 ms
104.21.202.127,LAX,北美洲,洛杉矶,203 ms
104.24.145.120,LAX,北美洲,洛杉矶,203 ms
1.1.1.52,LAX,北美洲,洛杉矶,203 ms
1.0.0.194,LAX,北美洲,洛杉矶,203 ms
104.23.104.96,LAX,北美洲,洛杉矶,203 ms
104.24.72.167,LAX,北美洲,洛杉矶,203 ms
104.18.134.10,SJC,北美洲,圣何塞,203 ms
1.1.1.63,LAX,北美洲,洛杉矶,203 ms
1.1.1.166,LAX,北美洲,洛杉矶,203 ms
104.23.131.74,LAX,北美洲,洛杉矶,203 ms
104.18.88.36,SJC,北美洲,圣何塞,203 ms
1.1.1.214,LAX,北美洲,洛杉矶,203 ms
104.19.131.118,LAX,北美洲,洛杉矶,203 ms
104.16.108.128,SJC,北美洲,圣何塞,203 ms
104.19.110.105,LAX,北美洲,洛杉矶,203 ms
104.16.213.22,SJC,北美洲,圣何塞,203 ms
1.0.0.66,LAX,北美洲,洛杉矶,203 ms
1.0.0.209,LAX,北美洲,洛杉矶,203 ms
104.17.179.49,SJC,北美洲,圣何塞,203 ms
104.18.18.10,LAX,北美洲,洛杉矶,203 ms
104.19.179.71,SJC,北美洲,圣何塞,203 ms
104.27.42.96,LAX,北美洲,洛杉矶,203 ms
104.16.106.66,SJC,北美洲,圣何塞,203 ms
1.1.1.163,LAX,北美洲,洛杉矶,203 ms
1.0.0.199,LAX,北美洲,洛杉矶,203 ms
1.0.0.9,LAX,北美洲,洛杉矶,203 ms
104.27.17.124,LAX,北美洲,洛杉矶,203 ms
104.18.8.128,LAX,北美洲,洛杉矶,203 ms
1.1.1.45,LAX,北美洲,洛杉矶,203 ms
1.1.1.29,LAX,北美洲,洛杉矶,203 ms
1.1.1.241,LAX,北美洲,洛杉矶,203 ms
1.1.1.99,LAX,北美洲,洛杉矶,203 ms
1.0.0.245,LAX,北美洲,洛杉矶,203 ms
104.27.10.84,LAX,北美洲,洛杉矶,203 ms
104.21.201.149,LAX,北美洲,洛杉矶,203 ms
104.18.36.204,LAX,北美洲,洛杉矶,203 ms
1.0.0.17,LAX,北美洲,洛杉矶,203 ms
104.19.139.189,LAX,北美洲,洛杉矶,203 ms
104.17.109.44,SJC,北美洲,圣何塞,203 ms
104.19.166.99,SJC,北美洲,圣何塞,203 ms
104.19.96.159,LAX,北美洲,洛杉矶,203 ms
1.0.0.61,LAX,北美洲,洛杉矶,203 ms
1.1.1.18,LAX,北美洲,洛杉矶,203 ms
1.1.1.43,LAX,北美洲,洛杉矶,203 ms
104.19.17.146,LAX,北美洲,洛杉矶,203 ms
1.1.1.3,LAX,北美洲,洛杉矶,203 ms
104.19.26.199,LAX,北美洲,洛杉矶,203 ms
104.24.44.162,LAX,北美洲,洛杉矶,203 ms
104.24.37.100,LAX,北美洲,洛杉矶,203 ms
104.16.15.197,SJC,北美洲,圣何塞,203 ms
1.1.1.213,LAX,北美洲,洛杉矶,203 ms
1.1.1.219,LAX,北美洲,洛杉矶,203 ms
104.20.110.167,LAX,北美洲,洛杉矶,203 ms
104.19.241.233,SJC,北美洲,圣何塞,203 ms
1.0.0.108,LAX,北美洲,洛杉矶,203 ms
104.19.71.122,LAX,北美洲,洛杉矶,203 ms
104.18.156.88,SJC,北美洲,圣何塞,203 ms
104.19.70.25,LAX,北美洲,洛杉矶,203 ms
104.23.117.40,LAX,北美洲,洛杉矶,204 ms
1.1.1.127,LAX,北美洲,洛杉矶,204 ms
104.19.29.46,LAX,北美洲,洛杉矶,204 ms
104.17.8.7,SJC,北美洲,圣何塞,204 ms
104.17.66.248,SJC,北美洲,圣何塞,204 ms
104.21.214.132,LAX,北美洲,洛杉矶,204 ms
104.20.32.81,LAX,北美洲,洛杉矶,204 ms
1.1.1.246,LAX,北美洲,洛杉矶,204 ms
104.17.36.75,SJC,北美洲,圣何塞,204 ms
104.24.212.126,LAX,北美洲,洛杉矶,204 ms
1.0.0.11,LAX,北美洲,洛杉矶,204 ms
104.24.156.7,LAX,北美洲,洛杉矶,204 ms
104.23.105.153,LAX,北美洲,洛杉矶,204 ms
1.1.1.188,LAX,北美洲,洛杉矶,204 ms
1.1.1.188,LAX,北美洲,洛杉矶,204 ms
104.17.48.105,SJC,北美洲,圣何塞,204 ms
104.19.224.184,SJC,北美洲,圣何塞,204 ms
104.18.124.225,SJC,北美洲,圣何塞,204 ms
104.20.145.172,LAX,北美洲,洛杉矶,204 ms
104.20.5.107,LAX,北美洲,洛杉矶,204 ms
104.19.15.169,LAX,北美洲,洛杉矶,204 ms
1.0.0.152,LAX,北美洲,洛杉矶,204 ms
1.1.1.125,LAX,北美洲,洛杉矶,204 ms
104.19.0.50,LAX,北美洲,洛杉矶,204 ms
1.1.1.144,LAX,北美洲,洛杉矶,204 ms
104.22.1.155,LAX,北美洲,洛杉矶,204 ms
1.0.0.119,LAX,北美洲,洛杉矶,204 ms
104.24.53.253,LAX,北美洲,洛杉矶,204 ms
1.0.0.14,LAX,北美洲,洛杉矶,204 ms
104.18.21.81,LAX,北美洲,洛杉矶,204 ms
1.1.1.246,LAX,北美洲,洛杉矶,204 ms
104.24.47.74,LAX,北美洲,洛杉矶,204 ms
1.0.0.231,LAX,北美洲,洛杉矶,204 ms
104.23.96.237,LAX,北美洲,洛杉矶,204 ms
104.19.114.20,LAX,北美洲,洛杉矶,204 ms
104.23.115.234,LAX,北美洲,洛杉矶,204 ms
104.17.7.39,SJC,北美洲,圣何塞,204 ms
104.23.103.148,LAX,北美洲,洛杉矶,204 ms
104.22.60.184,LAX,北美洲,洛杉矶,204 ms
104.18.139.108,SJC,北美洲,圣何塞,204 ms
104.20.53.150,LAX,北美洲,洛杉矶,204 ms
1.0.0.212,LAX,北美洲,洛杉矶,204 ms
104.27.41.128,LAX,北美洲,洛杉矶,204 ms
104.27.43.29,LAX,北美洲,洛杉矶,204 ms
104.18.7.146,LAX,北美洲,洛杉矶,204 ms
1.1.1.12,LAX,北美洲,洛杉矶,204 ms
1.1.1.77,LAX,北美洲,洛杉矶,204 ms
104.20.39.149,LAX,北美洲,洛杉矶,204 ms
104.27.58.141,LAX,北美洲,洛杉矶,204 ms
104.20.8.8,LAX,北美洲,洛杉矶,204 ms
1.0.0.149,LAX,北美洲,洛杉矶,204 ms
1.0.0.31,LAX,北美洲,洛杉矶,204 ms
1.0.0.195,LAX,北美洲,洛杉矶,204 ms
104.22.45.213,LAX,北美洲,洛杉矶,204 ms
104.17.119.217,SJC,北美洲,圣何塞,204 ms
104.23.97.203,LAX,北美洲,洛杉矶,204 ms
104.22.10.255,LAX,北美洲,洛杉矶,204 ms
1.1.1.197,LAX,北美洲,洛杉矶,204 ms
1.1.1.70,LAX,北美洲,洛杉矶,204 ms
104.17.167.71,SJC,北美洲,圣何塞,204 ms
104.20.213.171,LAX,北美洲,洛杉矶,204 ms
104.17.132.196,SJC,北美洲,圣何塞,204 ms
1.0.0.26,LAX,北美洲,洛杉矶,204 ms
104.20.87.143,LAX,北美洲,洛杉矶,204 ms
1.0.0.78,LAX,北美洲,洛杉矶,204 ms
1.1.1.94,LAX,北美洲,洛杉矶,204 ms
104.18.10.114,LAX,北美洲,洛杉矶,204 ms
1.0.0.128,LAX,北美洲,洛杉矶,204 ms
103.21.244.192,LAX,北美洲,洛杉矶,204 ms
104.23.124.10,LAX,北美洲,洛杉矶,204 ms
104.18.196.120,SJC,北美洲,圣何塞,205 ms
104.19.105.1,LAX,北美洲,洛杉矶,205 ms
1.0.0.196,LAX,北美洲,洛杉矶,205 ms
104.24.249.231,LAX,北美洲,洛杉矶,205 ms
104.17.45.30,SJC,北美洲,圣何塞,205 ms
1.1.1.125,LAX,北美洲,洛杉矶,205 ms
104.20.189.98,LAX,北美洲,洛杉矶,205 ms
104.20.148.175,LAX,北美洲,洛杉矶,205 ms
104.24.38.144,LAX,北美洲,洛杉矶,205 ms
1.0.0.174,LAX,北美洲,洛杉矶,205 ms
104.20.192.180,LAX,北美洲,洛杉矶,205 ms
104.19.190.42,SJC,北美洲,圣何塞,205 ms
104.27.34.77,LAX,北美洲,洛杉矶,205 ms
104.18.38.44,LAX,北美洲,洛杉矶,205 ms
104.19.74.20,LAX,北美洲,洛杉矶,205 ms
1.1.1.121,LAX,北美洲,洛杉矶,205 ms
104.16.23.181,SJC,北美洲,圣何塞,205 ms
104.16.20.215,SJC,北美洲,圣何塞,205 ms
104.24.27.187,LAX,北美洲,洛杉矶,205 ms
104.17.44.107,SJC,北美洲,圣何塞,205 ms
104.22.73.233,LAX,北美洲,洛杉矶,205 ms
104.19.50.86,LAX,北美洲,洛杉矶,205 ms
104.22.74.221,LAX,北美洲,洛杉矶,205 ms
104.17.87.186,SJC,北美洲,圣何塞,205 ms
1.0.0.232,LAX,北美洲,洛杉矶,205 ms
104.24.59.70,LAX,北美洲,洛杉矶,205 ms
104.17.217.131,SJC,北美洲,圣何塞,205 ms
1.1.1.17,LAX,北美洲,洛杉矶,205 ms
104.20.50.238,LAX,北美洲,洛杉矶,205 ms
1.1.1.95,LAX,北美洲,洛杉矶,205 ms
104.24.14.69,LAX,北美洲,洛杉矶,205 ms
104.22.24.69,LAX,北美洲,洛杉矶,205 ms
104.18.34.26,LAX,北美洲,洛杉矶,205 ms
104.22.7.156,LAX,北美洲,洛杉矶,205 ms
1.1.1.95,LAX,北美洲,洛杉矶,205 ms
104.16.12.44,SJC,北美洲,圣何塞,205 ms
104.24.195.241,LAX,北美洲,洛杉矶,205 ms
104.24.211.146,LAX,北美洲,洛杉矶,205 ms
104.22.3.53,LAX,北美洲,洛杉矶,205 ms
104.21.76.131,LAX,北美洲,洛杉矶,205 ms
104.16.174.78,SJC,北美洲,圣何塞,205 ms
104.19.6.75,LAX,北美洲,洛杉矶,205 ms
104.19.5.3,LAX,北美洲,洛杉矶,205 ms
104.24.74.83,LAX,北美洲,洛杉矶,205 ms
1.1.1.216,LAX,北美洲,洛杉矶,205 ms
104.27.49.134,LAX,北美洲,洛杉矶,205 ms
104.16.135.96,SJC,北美洲,圣何塞,205 ms
1.0.0.166,LAX,北美洲,洛杉矶,205 ms
104.18.45.188,LAX,北美洲,洛杉矶,205 ms
1.1.1.93,LAX,北美洲,洛杉矶,205 ms
104.17.126.206,SJC,北美洲,圣何塞,205 ms
104.23.125.171,LAX,北美洲,洛杉矶,205 ms
104.17.152.93,SJC,北美洲,圣何塞,205 ms
1.0.0.197,LAX,北美洲,洛杉矶,205 ms
104.19.9.195,LAX,北美洲,洛杉矶,205 ms
1.0.0.162,LAX,北美洲,洛杉矶,205 ms
104.19.125.249,LAX,北美洲,洛杉矶,205 ms
1.1.1.183,LAX,北美洲,洛杉矶,205 ms
1.1.1.93,LAX,北美洲,洛杉矶,205 ms
104.24.30.25,LAX,北美洲,洛杉矶,205 ms
1.1.1.175,LAX,北美洲,洛杉矶,205 ms
1.0.0.232,LAX,北美洲,洛杉矶,205 ms
104.27.0.186,LAX,北美洲,洛杉矶,205 ms
104.19.59.130,LAX,北美洲,洛杉矶,205 ms
104.24.17.35,LAX,北美洲,洛杉矶,205 ms
104.19.140.10,LAX,北美洲,洛杉矶,205 ms
104.19.141.172,LAX,北美洲,洛杉矶,205 ms
104.24.52.170,LAX,北美洲,洛杉矶,205 ms
1.0.0.96,LAX,北美洲,洛杉矶,205 ms
104.16.140.95,SJC,北美洲,圣何塞,205 ms
104.18.235.35,SJC,北美洲,圣何塞,205 ms
104.19.182.139,SJC,北美洲,圣何塞,205 ms
104.16.56.234,SJC,北美洲,圣何塞,205 ms
1.1.1.214,LAX,北美洲,洛杉矶,205 ms
1.1.1.141,LAX,北美洲,洛杉矶,205 ms
1.1.1.202,LAX,北美洲,洛杉矶,206 ms
1.1.1.44,LAX,北美洲,洛杉矶,206 ms
104.18.19.231,LAX,北美洲,洛杉矶,206 ms
104.19.116.113,LAX,北美洲,洛杉矶,206 ms
104.22.44.16,LAX,北美洲,洛杉矶,206 ms
104.22.42.27,LAX,北美洲,洛杉矶,206 ms
104.24.65.5,LAX,北美洲,洛杉矶,206 ms
104.24.9.162,LAX,北美洲,洛杉矶,206 ms
104.16.142.230,SJC,北美洲,圣何塞,206 ms
104.18.155.184,SJC,北美洲,圣何塞,206 ms
104.19.80.210,LAX,北美洲,洛杉矶,206 ms
104.16.255.9,SJC,北美洲,圣何塞,206 ms
1.1.1.164,LAX,北美洲,洛杉矶,206 ms
104.19.54.127,LAX,北美洲,洛杉矶,206 ms
104.19.91.195,LAX,北美洲,洛杉矶,206 ms
104.18.78.167,SJC,北美洲,圣何塞,206 ms
1.1.1.122,LAX,北美洲,洛杉矶,206 ms
1.0.0.216,LAX,北美洲,洛杉矶,206 ms
104.19.34.186,LAX,北美洲,洛杉矶,206 ms
1.1.1.170,LAX,北美洲,洛杉矶,206 ms
1.0.0.170,LAX,北美洲,洛杉矶,206 ms
104.20.108.60,LAX,北美洲,洛杉矶,206 ms
104.19.106.2,LAX,北美洲,洛杉矶,206 ms
104.20.89.212,LAX,北美洲,洛杉矶,206 ms
104.16.51.158,SJC,北美洲,圣何塞,206 ms
1.0.0.156,LAX,北美洲,洛杉矶,206 ms
1.1.1.247,LAX,北美洲,洛杉矶,206 ms
104.19.199.194,LAX,北美洲,洛杉矶,206 ms
104.17.138.104,SJC,北美洲,圣何塞,206 ms
1.0.0.19,LAX,北美洲,洛杉矶,206 ms
1.0.0.64,LAX,北美洲,洛杉矶,206 ms
1.0.0.118,LAX,北美洲,洛杉矶,206 ms
1.1.1.87,LAX,北美洲,洛杉矶,206 ms
104.19.203.195,LAX,北美洲,洛杉矶,206 ms
104.20.98.198,LAX,北美洲,洛杉矶,206 ms
1.1.1.236,LAX,北美洲,洛杉矶,206 ms
104.20.107.7,LAX,北美洲,洛杉矶,206 ms
1.0.0.41,LAX,北美洲,洛杉矶,206 ms
104.23.101.192,LAX,北美洲,洛杉矶,206 ms
104.24.63.133,LAX,北美洲,洛杉矶,206 ms
1.1.1.191,LAX,北美洲,洛杉矶,206 ms
1.1.1.165,LAX,北美洲,洛杉矶,206 ms
104.24.43.204,LAX,北美洲,洛杉矶,206 ms
104.24.169.55,LAX,北美洲,洛杉矶,206 ms
1.0.0.127,LAX,北美洲,洛杉矶,206 ms
104.21.82.112,LAX,北美洲,洛杉矶,206 ms
104.20.132.246,LAX,北美洲,洛杉矶,206 ms
104.27.57.246,LAX,北美洲,洛杉矶,206 ms
104.27.56.229,LAX,北美洲,洛杉矶,206 ms
104.17.59.152,SJC,北美洲,圣何塞,206 ms
104.20.147.201,LAX,北美洲,洛杉矶,206 ms
104.18.4.108,LAX,北美洲,洛杉矶,206 ms
1.0.0.2,LAX,北美洲,洛杉矶,206 ms
104.18.164.149,SJC,北美洲,圣何塞,206 ms
104.23.140.90,LAX,北美洲,洛杉矶,206 ms
104.16.19.204,SJC,北美洲,圣何塞,206 ms
1.1.1.219,LAX,北美洲,洛杉矶,206 ms
1.1.1.17,LAX,北美洲,洛杉矶,206 ms
104.22.47.248,LAX,北美洲,洛杉矶,206 ms
104.19.134.222,LAX,北美洲,洛杉矶,206 ms
104.22.21.238,LAX,北美洲,洛杉矶,206 ms
104.19.124.254,LAX,北美洲,洛杉矶,206 ms
104.20.127.190,LAX,北美洲,洛杉矶,206 ms
104.18.138.70,SJC,北美洲,圣何塞,206 ms
104.19.118.45,LAX,北美洲,洛杉矶,206 ms
104.24.94.100,LAX,北美洲,洛杉矶,206 ms
104.27.48.61,LAX,北美洲,洛杉矶,206 ms
1.1.1.190,LAX,北美洲,洛杉矶,206 ms
104.16.82.40,SJC,北美洲,圣何塞,206 ms
104.24.204.188,LAX,北美洲,洛杉矶,206 ms
104.21.221.78,LAX,北美洲,洛杉矶,206 ms
104.20.64.125,LAX,北美洲,洛杉矶,206 ms
104.20.4.104,LAX,北美洲,洛杉矶,206 ms
104.20.178.157,LAX,北美洲,洛杉矶,206 ms
1.0.0.15,LAX,北美洲,洛杉矶,206 ms
104.19.180.166,SJC,北美洲,圣何塞,206 ms
104.17.13.54,SJC,北美洲,圣何塞,207 ms
104.23.129.138,LAX,北美洲,洛杉矶,207 ms
104.20.44.113,LAX,北美洲,洛杉矶,207 ms
104.24.153.20,LAX,北美洲,洛杉矶,207 ms
1.0.0.65,LAX,北美洲,洛杉矶,207 ms
1.0.0.167,LAX,北美洲,洛杉矶,207 ms
104.24.50.245,LAX,北美洲,洛杉矶,207 ms
104.24.216.26,LAX,北美洲,洛杉矶,207 ms
104.20.165.63,LAX,北美洲,洛杉矶,207 ms
104.20.205.24,LAX,北美洲,洛杉矶,207 ms
1.1.1.25,LAX,北美洲,洛杉矶,207 ms
104.24.76.163,LAX,北美洲,洛杉矶,207 ms
104.16.186.11,SJC,北美洲,圣何塞,207 ms
1.0.0.223,LAX,北美洲,洛杉矶,207 ms
1.1.1.121,LAX,北美洲,洛杉矶,207 ms
104.17.250.179,SJC,北美洲,圣何塞,207 ms
1.0.0.22,LAX,北美洲,洛杉矶,207 ms
104.17.121.233,SJC,北美洲,圣何塞,207 ms
104.19.204.149,LAX,北美洲,洛杉矶,207 ms
104.18.48.208,LAX,北美洲,洛杉矶,207 ms
104.16.83.159,SJC,北美洲,圣何塞,207 ms
104.20.253.177,LAX,北美洲,洛杉矶,207 ms
104.24.56.68,LAX,北美洲,洛杉矶,207 ms
104.24.16.43,LAX,北美洲,洛杉矶,207 ms
104.16.5.201,SJC,北美洲,圣何塞,207 ms
104.18.42.128,LAX,北美洲,洛杉矶,207 ms
1.0.0.109,LAX,北美洲,洛杉矶,207 ms
1.0.0.11,LAX,北美洲,洛杉矶,207 ms
104.19.120.204,LAX,北美洲,洛杉矶,207 ms
141.101.113.182,LAX,北美洲,洛杉矶,207 ms
104.19.10.136,LAX,北美洲,洛杉矶,207 ms
1.0.0.240,LAX,北美洲,洛杉矶,207 ms
1.0.0.183,LAX,北美洲,洛杉矶,207 ms
104.20.7.18,LAX,北美洲,洛杉矶,207 ms
104.24.203.67,LAX,北美洲,洛杉矶,207 ms
1.1.1.236,LAX,北美洲,洛杉矶,207 ms
104.18.145.142,SJC,北美洲,圣何塞,207 ms
1.0.0.87,LAX,北美洲,洛杉矶,207 ms
104.19.51.21,LAX,北美洲,洛杉矶,207 ms
104.20.3.245,LAX,北美洲,洛杉矶,207 ms
104.20.86.165,LAX,北美洲,洛杉矶,207 ms
104.16.200.31,SJC,北美洲,圣何塞,207 ms
1.0.0.166,LAX,北美洲,洛杉矶,207 ms
1.0.0.154,LAX,北美洲,洛杉矶,207 ms
104.19.99.186,LAX,北美洲,洛杉矶,207 ms
1.0.0.212,LAX,北美洲,洛杉矶,207 ms
104.27.18.11,LAX,北美洲,洛杉矶,207 ms
1.0.0.126,LAX,北美洲,洛杉矶,207 ms
1.0.0.126,LAX,北美洲,洛杉矶,207 ms
104.16.52.58,SJC,北美洲,圣何塞,207 ms
1.0.0.41,LAX,北美洲,洛杉矶,207 ms
104.20.12.156,LAX,北美洲,洛杉矶,207 ms
104.19.196.76,LAX,北美洲,洛杉矶,207 ms
104.18.116.232,SJC,北美洲,圣何塞,207 ms
104.22.20.129,LAX,北美洲,洛杉矶,207 ms
1.1.1.95,LAX,北美洲,洛杉矶,207 ms
104.20.197.51,LAX,北美洲,洛杉矶,207 ms
1.1.1.214,LAX,北美洲,洛杉矶,207 ms
104.18.107.152,SJC,北美洲,圣何塞,207 ms
104.17.102.75,SJC,北美洲,圣何塞,207 ms
66.235.200.240,LAX,北美洲,洛杉矶,207 ms
104.20.43.117,LAX,北美洲,洛杉矶,207 ms
104.19.97.255,LAX,北美洲,洛杉矶,207 ms
104.24.141.133,LAX,北美洲,洛杉矶,207 ms
104.18.24.155,LAX,北美洲,洛杉矶,207 ms
104.19.58.243,LAX,北美洲,洛杉矶,207 ms
104.16.80.105,SJC,北美洲,圣何塞,207 ms
104.19.45.81,LAX,北美洲,洛杉矶,207 ms
104.16.164.55,SJC,北美洲,圣何塞,208 ms
1.0.0.182,LAX,北美洲,洛杉矶,208 ms
104.20.80.45,LAX,北美洲,洛杉矶,208 ms
104.24.198.40,LAX,北美洲,洛杉矶,208 ms
104.19.85.152,LAX,北美洲,洛杉矶,208 ms
104.20.120.226,LAX,北美洲,洛杉矶,208 ms
104.20.200.143,LAX,北美洲,洛杉矶,208 ms
104.24.136.151,LAX,北美洲,洛杉矶,208 ms
1.0.0.247,LAX,北美洲,洛杉矶,208 ms
1.1.1.87,LAX,北美洲,洛杉矶,208 ms
1.1.1.139,LAX,北美洲,洛杉矶,208 ms
104.24.178.68,LAX,北美洲,洛杉矶,208 ms
104.21.2.159,LAX,北美洲,洛杉矶,208 ms
1.0.0.201,LAX,北美洲,洛杉矶,208 ms
104.17.159.220,SJC,北美洲,圣何塞,208 ms
104.19.136.117,LAX,北美洲,洛杉矶,208 ms
104.19.57.220,LAX,北美洲,洛杉矶,208 ms
104.24.80.236,LAX,北美洲,洛杉矶,208 ms
104.27.12.201,LAX,北美洲,洛杉矶,208 ms
104.16.34.31,SJC,北美洲,圣何塞,208 ms
1.0.0.228,LAX,北美洲,洛杉矶,208 ms
104.18.150.230,SJC,北美洲,圣何塞,208 ms
104.21.209.200,LAX,北美洲,洛杉矶,208 ms
104.17.115.236,SJC,北美洲,圣何塞,208 ms
23.227.38.249,LAX,北美洲,洛杉矶,208 ms
104.16.74.149,SJC,北美洲,圣何塞,208 ms
104.16.76.103,SJC,北美洲,圣何塞,208 ms
104.18.163.182,SJC,北美洲,圣何塞,208 ms
104.19.63.133,LAX,北美洲,洛杉矶,208 ms
104.17.82.51,SJC,北美洲,圣何塞,208 ms
104.19.128.137,LAX,北美洲,洛杉矶,208 ms
104.16.89.84,SJC,北美洲,圣何塞,208 ms
104.18.193.162,SJC,北美洲,圣何塞,208 ms
104.19.149.103,SJC,北美洲,圣何塞,208 ms
104.20.215.116,LAX,北美洲,洛杉矶,208 ms
104.23.132.179,LAX,北美洲,洛杉矶,208 ms
104.24.183.231,LAX,北美洲,洛杉矶,208 ms
1.0.0.81,LAX,北美洲,洛杉矶,208 ms
1.0.0.232,LAX,北美洲,洛杉矶,208 ms
1.0.0.209,LAX,北美洲,洛杉矶,208 ms
104.24.168.147,LAX,北美洲,洛杉矶,208 ms
104.19.206.131,LAX,北美洲,洛杉矶,208 ms
104.24.83.192,LAX,北美洲,洛杉矶,208 ms
104.24.143.238,LAX,北美洲,洛杉矶,208 ms
104.20.222.117,LAX,北美洲,洛杉矶,208 ms
141.101.114.162,SJC,北美洲,圣何塞,208 ms
104.19.107.154,LAX,北美洲,洛杉矶,208 ms
104.23.135.226,SJC,北美洲,圣何塞,208 ms
104.20.77.57,LAX,北美洲,洛杉矶,208 ms
104.20.129.56,LAX,北美洲,洛杉矶,208 ms
104.19.92.61,LAX,北美洲,洛杉矶,208 ms
104.21.200.137,LAX,北美洲,洛杉矶,208 ms
1.0.0.46,LAX,北美洲,洛杉矶,208 ms
104.24.69.14,LAX,北美洲,洛杉矶,208 ms
104.24.20.136,LAX,北美洲,洛杉矶,208 ms
104.18.77.89,SJC,北美洲,圣何塞,208 ms
104.27.44.97,LAX,北美洲,洛杉矶,208 ms
104.18.223.51,SJC,北美洲,圣何塞,208 ms
104.21.219.213,LAX,北美洲,洛杉矶,208 ms
1.0.0.37,LAX,北美洲,洛杉矶,208 ms
1.0.0.98,LAX,北美洲,洛杉矶,208 ms
104.20.36.8,LAX,北美洲,洛杉矶,208 ms
1.0.0.24,LAX,北美洲,洛杉矶,208 ms
104.16.95.88,SJC,北美洲,圣何塞,208 ms
104.20.140.151,LAX,北美洲,洛杉矶,208 ms
104.20.91.110,LAX,北美洲,洛杉矶,208 ms
1.1.1.247,LAX,北美洲,洛杉矶,208 ms
1.0.0.186,LAX,北美洲,洛杉矶,208 ms
104.24.58.241,LAX,北美洲,洛杉矶,208 ms
104.17.155.212,SJC,北美洲,圣何塞,208 ms
104.24.3.23,LAX,北美洲,洛杉矶,208 ms
1.1.1.121,LAX,北美洲,洛杉矶,208 ms
1.0.0.247,LAX,北美洲,洛杉矶,208 ms
1.0.0.33,LAX,北美洲,洛杉矶,208 ms
104.19.210.142,SJC,北美洲,圣何塞,208 ms
104.20.82.10,LAX,北美洲,洛杉矶,209 ms
104.19.152.109,SJC,北美洲,圣何塞,209 ms
1.1.1.172,LAX,北美洲,洛杉矶,209 ms
104.20.122.147,LAX,北美洲,洛杉矶,209 ms
1.0.0.216,LAX,北美洲,洛杉矶,209 ms
1.0.0.196,LAX,北美洲,洛杉矶,209 ms
104.17.206.212,SJC,北美洲,圣何塞,209 ms
1.0.0.194,LAX,北美洲,洛杉矶,209 ms
104.24.226.24,LAX,北美洲,洛杉矶,209 ms
104.20.144.131,LAX,北美洲,洛杉矶,209 ms
1.1.1.53,LAX,北美洲,洛杉矶,209 ms
104.17.129.92,SJC,北美洲,圣何塞,209 ms
104.20.204.79,LAX,北美洲,洛杉矶,209 ms
1.1.1.183,LAX,北美洲,洛杉矶,209 ms
104.20.134.80,LAX,北美洲,洛杉矶,209 ms
104.24.206.122,LAX,北美洲,洛杉矶,209 ms
104.27.55.155,LAX,北美洲,洛杉矶,209 ms
104.27.50.95,LAX,北美洲,洛杉矶,209 ms
1.0.0.90,LAX,北美洲,洛杉矶,209 ms
1.0.0.241,LAX,北美洲,洛杉矶,209 ms
104.20.138.61,LAX,北美洲,洛杉矶,209 ms
104.17.84.172,SJC,北美洲,圣何塞,209 ms
1.1.1.136,LAX,北美洲,洛杉矶,209 ms
104.19.155.130,SJC,北美洲,圣何塞,209 ms
1.1.1.66,LAX,北美洲,洛杉矶,209 ms
104.19.65.158,LAX,北美洲,洛杉矶,209 ms
1.0.0.64,LAX,北美洲,洛杉矶,209 ms
104.22.78.178,LAX,北美洲,洛杉矶,209 ms
104.24.248.114,LAX,北美洲,洛杉矶,209 ms
104.20.130.198,LAX,北美洲,洛杉矶,209 ms
104.19.135.207,LAX,北美洲,洛杉矶,209 ms
104.16.62.203,SJC,北美洲,圣何塞,209 ms
104.17.23.55,SJC,北美洲,圣何塞,209 ms
104.19.61.54,LAX,北美洲,洛杉矶,209 ms
1.0.0.44,LAX,北美洲,洛杉矶,209 ms
1.0.0.85,LAX,北美洲,洛杉矶,209 ms
104.19.198.31,LAX,北美洲,洛杉矶,209 ms
104.24.29.109,LAX,北美洲,洛杉矶,209 ms
1.1.1.44,LAX,北美洲,洛杉矶,209 ms
104.19.148.26,SJC,北美洲,圣何塞,209 ms
104.20.100.51,LAX,北美洲,洛杉矶,209 ms
104.21.118.81,LAX,北美洲,洛杉矶,209 ms
104.18.117.66,SJC,北美洲,圣何塞,209 ms
104.22.13.2,LAX,北美洲,洛杉矶,209 ms
104.16.44.27,SJC,北美洲,圣何塞,209 ms
104.16.25.155,SJC,北美洲,圣何塞,209 ms
104.19.192.99,LAX,北美洲,洛杉矶,209 ms
1.0.0.94,LAX,北美洲,洛杉矶,209 ms
104.24.84.247,LAX,北美洲,洛杉矶,209 ms
1.0.0.5,LAX,北美洲,洛杉矶,209 ms
104.18.26.112,LAX,北美洲,洛杉矶,209 ms
104.20.190.69,LAX,北美洲,洛杉矶,209 ms
104.20.191.27,LAX,北美洲,洛杉矶,209 ms
104.18.216.200,SJC,北美洲,圣何塞,209 ms
104.21.216.73,LAX,北美洲,洛杉矶,209 ms
104.24.7.212,LAX,北美洲,洛杉矶,209 ms
104.23.127.4,LAX,北美洲,洛杉矶,209 ms
104.19.108.212,LAX,北美洲,洛杉矶,209 ms
104.20.14.149,LAX,北美洲,洛杉矶,209 ms
1.0.0.75,LAX,北美洲,洛杉矶,209 ms
104.20.35.115,LAX,北美洲,洛杉矶,209 ms
1.0.0.191,LAX,北美洲,洛杉矶,209 ms
104.20.203.42,LAX,北美洲,洛杉矶,209 ms
104.19.87.27,LAX,北美洲,洛杉矶,209 ms
104.16.217.165,SJC,北美洲,圣何塞,210 ms
1.0.0.128,LAX,北美洲,洛杉矶,210 ms
104.18.106.92,SJC,北美洲,圣何塞,210 ms
1.0.0.95,LAX,北美洲,洛杉矶,210 ms
104.16.73.47,SJC,北美洲,圣何塞,210 ms
104.18.178.59,SJC,北美洲,圣何塞,210 ms
104.19.41.244,LAX,北美洲,洛杉矶,210 ms
104.20.106.66,LAX,北美洲,洛杉矶,210 ms
104.20.185.229,LAX,北美洲,洛杉矶,210 ms
104.20.210.55,LAX,北美洲,洛杉矶,210 ms
141.101.123.26,LAX,北美洲,洛杉矶,210 ms
104.19.177.143,SJC,北美洲,圣何塞,210 ms
1.0.0.27,LAX,北美洲,洛杉矶,210 ms
104.16.166.95,SJC,北美洲,圣何塞,210 ms
1.1.1.219,LAX,北美洲,洛杉矶,210 ms
104.19.115.126,LAX,北美洲,洛杉矶,210 ms
104.18.200.68,SJC,北美洲,圣何塞,210 ms
104.20.214.143,LAX,北美洲,洛杉矶,210 ms
1.1.1.40,LAX,北美洲,洛杉矶,210 ms
104.22.79.49,LAX,北美洲,洛杉矶,210 ms
104.20.198.163,LAX,北美洲,洛杉矶,210 ms
104.23.136.217,LAX,北美洲,洛杉矶,210 ms
104.16.72.157,SJC,北美洲,圣何塞,210 ms
104.18.146.250,SJC,北美洲,圣何塞,210 ms
1.0.0.230,LAX,北美洲,洛杉矶,210 ms
1.0.0.201,LAX,北美洲,洛杉矶,210 ms
104.16.221.138,SJC,北美洲,圣何塞,210 ms
104.24.174.105,LAX,北美洲,洛杉矶,210 ms
104.20.141.98,LAX,北美洲,洛杉矶,210 ms
1.1.1.88,LAX,北美洲,洛杉矶,210 ms
104.27.6.247,LAX,北美洲,洛杉矶,210 ms
104.27.9.100,LAX,北美洲,洛杉矶,210 ms
104.17.61.107,SJC,北美洲,圣何塞,210 ms
104.21.86.132,SJC,北美洲,圣何塞,210 ms
104.20.47.72,LAX,北美洲,洛杉矶,210 ms
104.16.94.153,SJC,北美洲,圣何塞,210 ms
104.20.90.7,LAX,北美洲,洛杉矶,210 ms
104.23.128.73,LAX,北美洲,洛杉矶,210 ms
1.0.0.132,LAX,北美洲,洛杉矶,210 ms
1.0.0.176,LAX,北美洲,洛杉矶,210 ms
1.0.0.179,LAX,北美洲,洛杉矶,210 ms
1.0.0.205,LAX,北美洲,洛杉矶,210 ms
1.0.0.237,LAX,北美洲,洛杉矶,210 ms
1.0.0.250,LAX,北美洲,洛杉矶,210 ms
1.0.0.196,LAX,北美洲,洛杉矶,210 ms
1.0.0.44,LAX,北美洲,洛杉矶,210 ms
1.0.0.250,LAX,北美洲,洛杉矶,210 ms
1.1.1.188,LAX,北美洲,洛杉矶,210 ms
104.19.197.163,LAX,北美洲,洛杉矶,210 ms
104.20.161.219,LAX,北美洲,洛杉矶,210 ms
1.1.1.51,LAX,北美洲,洛杉矶,210 ms
104.24.171.139,LAX,北美洲,洛杉矶,210 ms
104.16.245.255,SJC,北美洲,圣何塞,210 ms
104.20.88.244,LAX,北美洲,洛杉矶,210 ms
104.20.142.14,LAX,北美洲,洛杉矶,210 ms
104.16.101.71,SJC,北美洲,圣何塞,210 ms
104.17.141.54,SJC,北美洲,圣何塞,210 ms
104.27.28.133,LAX,北美洲,洛杉矶,211 ms
104.27.30.64,LAX,北美洲,洛杉矶,211 ms
104.27.25.93,LAX,北美洲,洛杉矶,211 ms
104.27.27.17,LAX,北美洲,洛杉矶,211 ms
141.101.121.61,LAX,北美洲,洛杉矶,211 ms
104.21.45.198,LAX,北美洲,洛杉矶,211 ms
104.21.46.194,LAX,北美洲,洛杉矶,211 ms
104.20.72.35,LAX,北美洲,洛杉矶,211 ms
104.24.135.109,LAX,北美洲,洛杉矶,211 ms
104.21.213.106,LAX,北美洲,洛杉矶,211 ms
104.16.228.38,SJC,北美洲,圣何塞,211 ms
104.24.140.54,LAX,北美洲,洛杉矶,211 ms
104.18.180.88,SJC,北美洲,圣何塞,211 ms
104.24.134.104,LAX,北美洲,洛杉矶,211 ms
104.24.132.102,LAX,北美洲,洛杉矶,211 ms
104.22.63.122,LAX,北美洲,洛杉矶,211 ms
104.24.232.168,LAX,北美洲,洛杉矶,211 ms
104.27.21.108,LAX,北美洲,洛杉矶,211 ms
1.1.1.13,LAX,北美洲,洛杉矶,211 ms
104.24.82.246,LAX,北美洲,洛杉矶,211 ms
1.0.0.17,LAX,北美洲,洛杉矶,211 ms
1.0.0.81,LAX,北美洲,洛杉矶,211 ms
1.0.0.13,LAX,北美洲,洛杉矶,211 ms
1.0.0.55,LAX,北美洲,洛杉矶,211 ms
1.0.0.115,LAX,北美洲,洛杉矶,211 ms
104.20.162.210,LAX,北美洲,洛杉矶,211 ms
1.0.0.24,LAX,北美洲,洛杉矶,211 ms
104.16.33.111,SJC,北美洲,圣何塞,211 ms
104.19.144.42,SJC,北美洲,圣何塞,211 ms
104.20.37.54,LAX,北美洲,洛杉矶,211 ms
104.17.0.238,SJC,北美洲,圣何塞,211 ms
104.19.53.127,LAX,北美洲,洛杉矶,211 ms
104.25.42.184,LAX,北美洲,洛杉矶,211 ms
104.19.145.149,SJC,北美洲,圣何塞,211 ms
104.22.55.168,LAX,北美洲,洛杉矶,211 ms
104.17.94.31,SJC,北美洲,圣何塞,211 ms
104.20.199.214,LAX,北美洲,洛杉矶,211 ms
104.20.188.28,LAX,北美洲,洛杉矶,211 ms
104.17.134.189,SJC,北美洲,圣何塞,211 ms
104.24.28.115,LAX,北美洲,洛杉矶,211 ms
104.24.170.169,LAX,北美洲,洛杉矶,211 ms
104.20.194.215,LAX,北美洲,洛杉矶,211 ms
104.18.23.175,LAX,北美洲,洛杉矶,211 ms
1.1.1.2,LAX,北美洲,洛杉矶,211 ms
104.27.29.146,LAX,北美洲,洛杉矶,211 ms
104.20.70.198,LAX,北美洲,洛杉矶,211 ms
104.24.151.252,LAX,北美洲,洛杉矶,211 ms
104.20.218.46,LAX,北美洲,洛杉矶,211 ms
1.0.0.8,LAX,北美洲,洛杉矶,211 ms
1.0.0.43,LAX,北美洲,洛杉矶,211 ms
1.0.0.91,LAX,北美洲,洛杉矶,211 ms
104.19.195.91,LAX,北美洲,洛杉矶,211 ms
104.21.53.219,LAX,北美洲,洛杉矶,211 ms
104.18.29.147,LAX,北美洲,洛杉矶,212 ms
1.0.0.252,LAX,北美洲,洛杉矶,212 ms
104.17.242.161,SJC,北美洲,圣何塞,212 ms
104.16.127.210,SJC,北美洲,圣何塞,212 ms
104.18.68.129,SJC,北美洲,圣何塞,212 ms
104.19.39.66,LAX,北美洲,洛杉矶,212 ms
104.16.205.100,SJC,北美洲,圣何塞,212 ms
104.20.33.109,LAX,北美洲,洛杉矶,212 ms
1.1.1.247,LAX,北美洲,洛杉矶,212 ms
1.0.0.213,LAX,北美洲,洛杉矶,212 ms
104.19.77.35,LAX,北美洲,洛杉矶,212 ms
104.24.187.72,LAX,北美洲,洛杉矶,212 ms
104.22.52.26,LAX,北美洲,洛杉矶,212 ms
104.16.109.139,SJC,北美洲,圣何塞,212 ms
104.24.247.39,LAX,北美洲,洛杉矶,212 ms
104.18.252.220,SJC,北美洲,圣何塞,212 ms
104.24.93.128,LAX,北美洲,洛杉矶,212 ms
104.22.0.214,LAX,北美洲,洛杉矶,212 ms
104.20.160.198,LAX,北美洲,洛杉矶,212 ms
104.21.48.32,LAX,北美洲,洛杉矶,212 ms
104.21.225.160,SJC,北美洲,圣何塞,212 ms
104.24.219.19,LAX,北美洲,洛杉矶,212 ms
104.24.179.246,LAX,北美洲,洛杉矶,212 ms
104.16.195.67,SJC,北美洲,圣何塞,212 ms
104.17.80.26,SJC,北美洲,圣何塞,212 ms
104.24.40.191,LAX,北美洲,洛杉矶,212 ms
104.24.128.7,LAX,北美洲,洛杉矶,212 ms
104.20.196.60,LAX,北美洲,洛杉矶,212 ms
104.18.40.6,LAX,北美洲,洛杉矶,212 ms
104.19.169.166,SJC,北美洲,圣何塞,212 ms
104.24.182.0,LAX,北美洲,洛杉矶,212 ms
104.19.207.34,LAX,北美洲,洛杉矶,212 ms
104.19.234.87,SJC,北美洲,圣何塞,212 ms
104.24.254.148,LAX,北美洲,洛杉矶,212 ms
104.20.79.15,LAX,北美洲,洛杉矶,212 ms
104.19.117.196,LAX,北美洲,洛杉矶,212 ms
104.22.32.206,LAX,北美洲,洛杉矶,212 ms
104.16.147.123,SJC,北美洲,圣何塞,212 ms
108.162.193.254,LAX,北美洲,洛杉矶,212 ms
104.20.117.209,LAX,北美洲,洛杉矶,212 ms
104.20.116.12,LAX,北美洲,洛杉矶,212 ms
104.16.180.38,SJC,北美洲,圣何塞,212 ms
104.20.6.12,LAX,北美洲,洛杉矶,212 ms
104.24.81.49,LAX,北美洲,洛杉矶,212 ms
104.24.192.141,LAX,北美洲,洛杉矶,212 ms
104.16.18.54,SJC,北美洲,圣何塞,212 ms
104.20.49.97,LAX,北美洲,洛杉矶,212 ms
104.20.159.208,LAX,北美洲,洛杉矶,212 ms
1.0.0.37,LAX,北美洲,洛杉矶,213 ms
104.19.43.92,LAX,北美洲,洛杉矶,213 ms
104.20.216.174,LAX,北美洲,洛杉矶,213 ms
104.20.217.223,LAX,北美洲,洛杉矶,213 ms
104.24.181.221,LAX,北美洲,洛杉矶,213 ms
104.20.15.120,LAX,北美洲,洛杉矶,213 ms
104.17.202.187,SJC,北美洲,圣何塞,213 ms
1.0.0.144,LAX,北美洲,洛杉矶,213 ms
1.0.0.28,LAX,北美洲,洛杉矶,213 ms
104.24.218.44,LAX,北美洲,洛杉矶,213 ms
104.17.74.141,SJC,北美洲,圣何塞,213 ms
104.24.167.93,LAX,北美洲,洛杉矶,213 ms
104.20.124.45,LAX,北美洲,洛杉矶,213 ms
1.0.0.171,LAX,北美洲,洛杉矶,213 ms
104.18.165.209,SJC,北美洲,圣何塞,213 ms
104.20.84.83,LAX,北美洲,洛杉矶,213 ms
104.22.62.27,LAX,北美洲,洛杉矶,213 ms
104.20.143.207,LAX,北美洲,洛杉矶,213 ms
104.24.244.1,LAX,北美洲,洛杉矶,213 ms
104.16.63.67,SJC,北美洲,圣何塞,213 ms
1.0.0.45,LAX,北美洲,洛杉矶,213 ms
1.0.0.132,LAX,北美洲,洛杉矶,213 ms
104.19.171.241,SJC,北美洲,圣何塞,213 ms
104.19.4.72,LAX,北美洲,洛杉矶,213 ms
104.19.38.142,LAX,北美洲,洛杉矶,213 ms
104.16.199.60,SJC,北美洲,圣何塞,213 ms
104.27.33.12,LAX,北美洲,洛杉矶,213 ms
104.27.32.57,LAX,北美洲,洛杉矶,213 ms
104.27.37.100,LAX,北美洲,洛杉矶,213 ms
104.27.39.254,LAX,北美洲,洛杉矶,213 ms
104.20.40.76,LAX,北美洲,洛杉矶,213 ms
104.20.179.82,LAX,北美洲,洛杉矶,213 ms
104.18.66.176,SJC,北美洲,圣何塞,213 ms
104.20.181.105,LAX,北美洲,洛杉矶,213 ms
104.20.46.11,LAX,北美洲,洛杉矶,213 ms
104.16.93.213,SJC,北美洲,圣何塞,213 ms
104.24.185.1,LAX,北美洲,洛杉矶,213 ms
104.16.139.225,SJC,北美洲,圣何塞,213 ms
104.17.128.35,SJC,北美洲,圣何塞,213 ms
104.24.87.137,LAX,北美洲,洛杉矶,213 ms
104.24.222.137,LAX,北美洲,洛杉矶,213 ms
104.20.83.91,LAX,北美洲,洛杉矶,213 ms
104.20.13.9,LAX,北美洲,洛杉矶,213 ms
104.19.84.59,LAX,北美洲,洛杉矶,213 ms
104.17.229.173,SJC,北美洲,圣何塞,214 ms
1.0.0.212,LAX,北美洲,洛杉矶,214 ms
1.0.0.74,LAX,北美洲,洛杉矶,214 ms
104.17.244.163,SJC,北美洲,圣何塞,214 ms
104.19.94.99,LAX,北美洲,洛杉矶,214 ms
104.18.110.233,SJC,北美洲,圣何塞,214 ms
104.18.119.235,SJC,北美洲,圣何塞,214 ms
104.19.20.76,LAX,北美洲,洛杉矶,214 ms
104.19.33.208,LAX,北美洲,洛杉矶,214 ms
104.19.189.179,SJC,北美洲,圣何塞,214 ms
104.20.85.220,LAX,北美洲,洛杉矶,214 ms
104.24.253.48,LAX,北美洲,洛杉矶,214 ms
104.18.179.163,SJC,北美洲,圣何塞,214 ms
1.0.0.133,LAX,北美洲,洛杉矶,214 ms
104.24.133.140,LAX,北美洲,洛杉矶,214 ms
104.20.11.224,LAX,北美洲,洛杉矶,214 ms
104.19.36.163,LAX,北美洲,洛杉矶,214 ms
104.20.99.12,LAX,北美洲,洛杉矶,214 ms
104.24.77.37,LAX,北美洲,洛杉矶,214 ms
104.20.226.16,LAX,北美洲,洛杉矶,214 ms
104.21.222.162,LAX,北美洲,洛杉矶,214 ms
104.22.58.58,LAX,北美洲,洛杉矶,214 ms
104.20.114.231,LAX,北美洲,洛杉矶,214 ms
104.24.210.237,LAX,北美洲,洛杉矶,214 ms
104.19.133.98,LAX,北美洲,洛杉矶,214 ms
104.19.157.102,SJC,北美洲,圣何塞,214 ms
104.21.75.62,LAX,北美洲,洛杉矶,214 ms
104.21.207.99,LAX,北美洲,洛杉矶,214 ms
104.20.202.214,LAX,北美洲,洛杉矶,214 ms
104.16.87.223,SJC,北美洲,圣何塞,214 ms
104.17.226.65,SJC,北美洲,圣何塞,214 ms
104.20.45.220,LAX,北美洲,洛杉矶,214 ms
104.21.78.181,LAX,北美洲,洛杉矶,214 ms
104.20.1.249,LAX,北美洲,洛杉矶,214 ms
104.21.18.156,LAX,北美洲,洛杉矶,214 ms
104.21.16.181,LAX,北美洲,洛杉矶,214 ms
104.19.184.90,SJC,北美洲,圣何塞,214 ms
104.16.32.136,SJC,北美洲,圣何塞,214 ms
104.20.76.134,LAX,北美洲,洛杉矶,214 ms
104.18.133.150,SJC,北美洲,圣何塞,214 ms
104.17.205.189,SJC,北美洲,圣何塞,214 ms
104.24.230.167,LAX,北美洲,洛杉矶,214 ms
104.19.55.126,LAX,北美洲,洛杉矶,214 ms
104.20.41.128,LAX,北美洲,洛杉矶,214 ms
104.20.42.165,LAX,北美洲,洛杉矶,214 ms
104.21.220.36,LAX,北美洲,洛杉矶,214 ms
104.16.212.250,SJC,北美洲,圣何塞,214 ms
104.20.105.225,LAX,北美洲,洛杉矶,214 ms
104.20.62.175,LAX,北美洲,洛杉矶,214 ms
104.24.209.20,LAX,北美洲,洛杉矶,214 ms
104.20.125.22,LAX,北美洲,洛杉矶,214 ms
104.21.96.186,LAX,北美洲,洛杉矶,214 ms
104.18.135.255,SJC,北美洲,圣何塞,215 ms
1.0.0.152,LAX,北美洲,洛杉矶,215 ms
104.24.191.155,LAX,北美洲,洛杉矶,215 ms
104.19.86.155,LAX,北美洲,洛杉矶,215 ms
104.24.67.160,LAX,北美洲,洛杉矶,215 ms
104.24.202.35,LAX,北美洲,洛杉矶,215 ms
104.17.240.217,SJC,北美洲,圣何塞,215 ms
104.16.157.62,SJC,北美洲,圣何塞,215 ms
104.24.144.173,LAX,北美洲,洛杉矶,215 ms
104.21.235.57,SJC,北美洲,圣何塞,215 ms
104.16.6.73,SJC,北美洲,圣何塞,215 ms
1.1.1.172,LAX,北美洲,洛杉矶,215 ms
104.20.180.95,LAX,北美洲,洛杉矶,215 ms
104.18.79.255,SJC,北美洲,圣何塞,215 ms
104.16.234.180,SJC,北美洲,圣何塞,215 ms
104.24.215.119,LAX,北美洲,洛杉矶,215 ms
104.20.113.170,LAX,北美洲,洛杉矶,215 ms
104.21.83.8,LAX,北美洲,洛杉矶,215 ms
104.21.84.206,LAX,北美洲,洛杉矶,215 ms
104.21.239.160,SJC,北美洲,圣何塞,215 ms
104.20.52.193,LAX,北美洲,洛杉矶,215 ms
104.20.34.77,LAX,北美洲,洛杉矶,215 ms
104.17.208.210,SJC,北美洲,圣何塞,215 ms
104.20.211.208,LAX,北美洲,洛杉矶,215 ms
104.19.95.150,LAX,北美洲,洛杉矶,215 ms
104.20.206.100,LAX,北美洲,洛杉矶,215 ms
104.16.184.57,SJC,北美洲,圣何塞,215 ms
104.24.162.165,LAX,北美洲,洛杉矶,215 ms
104.20.195.245,LAX,北美洲,洛杉矶,215 ms
104.21.229.125,SJC,北美洲,圣何塞,215 ms
104.18.86.83,SJC,北美洲,圣何塞,215 ms
104.20.156.57,LAX,北美洲,洛杉矶,215 ms
104.18.242.28,SJC,北美洲,圣何塞,215 ms
104.20.102.42,LAX,北美洲,洛杉矶,215 ms
104.21.217.13,LAX,北美洲,洛杉矶,215 ms
1.0.0.93,LAX,北美洲,洛杉矶,215 ms
104.24.236.10,LAX,北美洲,洛杉矶,215 ms
104.20.96.77,LAX,北美洲,洛杉矶,215 ms
104.20.187.182,LAX,北美洲,洛杉矶,216 ms
104.24.250.211,LAX,北美洲,洛杉矶,216 ms
104.19.181.88,SJC,北美洲,圣何塞,216 ms
1.0.0.10,LAX,北美洲,洛杉矶,216 ms
104.18.203.212,SJC,北美洲,圣何塞,216 ms
104.17.37.39,SJC,北美洲,圣何塞,216 ms
104.17.136.119,SJC,北美洲,圣何塞,216 ms
104.26.10.131,HKG,亚太地区,香港,216 ms
104.26.13.164,HKG,亚太地区,香港,216 ms
104.26.12.74,HKG,亚太地区,香港,216 ms
104.26.11.81,HKG,亚太地区,香港,216 ms
104.27.3.2,LAX,北美洲,洛杉矶,216 ms
104.27.1.155,LAX,北美洲,洛杉矶,216 ms
104.24.161.183,LAX,北美洲,洛杉矶,216 ms
104.24.160.182,LAX,北美洲,洛杉矶,216 ms
104.20.231.155,LAX,北美洲,洛杉矶,216 ms
104.17.9.122,SJC,北美洲,圣何塞,216 ms
104.25.37.57,LAX,北美洲,洛杉矶,216 ms
104.25.38.207,LAX,北美洲,洛杉矶,216 ms
104.24.147.5,LAX,北美洲,洛杉矶,216 ms
104.24.186.70,LAX,北美洲,洛杉矶,216 ms
104.17.86.194,SJC,北美洲,圣何塞,216 ms
104.20.74.122,LAX,北美洲,洛杉矶,216 ms
104.16.60.79,SJC,北美洲,圣何塞,216 ms
104.16.189.242,SJC,北美洲,圣何塞,216 ms
104.21.1.188,LAX,北美洲,洛杉矶,216 ms
104.24.70.115,LAX,北美洲,洛杉矶,216 ms
104.24.130.229,LAX,北美洲,洛杉矶,216 ms
104.21.127.7,LAX,北美洲,洛杉矶,216 ms
104.17.62.173,SJC,北美洲,圣何塞,216 ms
104.19.112.29,LAX,北美洲,洛杉矶,216 ms
104.17.53.137,SJC,北美洲,圣何塞,216 ms
1.0.0.217,LAX,北美洲,洛杉矶,216 ms
1.0.0.28,LAX,北美洲,洛杉矶,216 ms
104.20.225.64,LAX,北美洲,洛杉矶,216 ms
1.0.0.176,LAX,北美洲,洛杉矶,216 ms
1.0.0.50,LAX,北美洲,洛杉矶,216 ms
1.0.0.145,LAX,北美洲,洛杉矶,216 ms
104.24.227.147,LAX,北美洲,洛杉矶,216 ms
104.16.244.27,SJC,北美洲,圣何塞,216 ms
1.0.0.221,LAX,北美洲,洛杉矶,216 ms
1.0.0.37,LAX,北美洲,洛杉矶,216 ms
1.0.0.36,LAX,北美洲,洛杉矶,216 ms
104.20.176.78,LAX,北美洲,洛杉矶,216 ms
104.17.231.71,SJC,北美洲,圣何塞,216 ms
104.20.155.84,LAX,北美洲,洛杉矶,217 ms
104.20.10.180,LAX,北美洲,洛杉矶,217 ms
104.16.224.34,SJC,北美洲,圣何塞,217 ms
104.16.206.126,SJC,北美洲,圣何塞,217 ms
104.24.201.124,LAX,北美洲,洛杉矶,217 ms
104.18.208.244,SJC,北美洲,圣何塞,217 ms
104.24.129.184,LAX,北美洲,洛杉矶,217 ms
104.16.16.145,SJC,北美洲,圣何塞,217 ms
104.17.232.127,SJC,北美洲,圣何塞,217 ms
104.17.65.85,SJC,北美洲,圣何塞,217 ms
1.1.1.76,LAX,北美洲,洛杉矶,217 ms
104.20.78.27,LAX,北美洲,洛杉矶,217 ms
104.17.236.146,SJC,北美洲,圣何塞,217 ms
104.21.215.112,LAX,北美洲,洛杉矶,217 ms
104.20.54.47,LAX,北美洲,洛杉矶,217 ms
1.0.0.220,LAX,北美洲,洛杉矶,217 ms
104.16.79.40,SJC,北美洲,圣何塞,217 ms
104.16.39.135,SJC,北美洲,圣何塞,217 ms
104.16.57.46,SJC,北美洲,圣何塞,217 ms
104.24.51.145,LAX,北美洲,洛杉矶,217 ms
104.17.253.18,SJC,北美洲,圣何塞,217 ms
104.18.127.93,SJC,北美洲,圣何塞,217 ms
104.16.78.232,SJC,北美洲,圣何塞,217 ms
104.19.103.91,LAX,北美洲,洛杉矶,217 ms
104.20.175.235,LAX,北美洲,洛杉矶,217 ms
1.0.0.229,LAX,北美洲,洛杉矶,217 ms
1.0.0.235,LAX,北美洲,洛杉矶,217 ms
1.0.0.45,LAX,北美洲,洛杉矶,217 ms
1.0.0.61,LAX,北美洲,洛杉矶,217 ms
1.0.0.196,LAX,北美洲,洛杉矶,217 ms
1.0.0.28,LAX,北美洲,洛杉矶,217 ms
1.0.0.168,LAX,北美洲,洛杉矶,217 ms
1.0.0.59,LAX,北美洲,洛杉矶,217 ms
1.0.0.64,LAX,北美洲,洛杉矶,217 ms
1.0.0.156,LAX,北美洲,洛杉矶,217 ms
104.24.245.169,LAX,北美洲,洛杉矶,217 ms
104.17.184.205,SJC,北美洲,圣何塞,217 ms
104.17.233.165,SJC,北美洲,圣何塞,217 ms
104.17.176.140,SJC,北美洲,圣何塞,217 ms
104.21.10.183,LAX,北美洲,洛杉矶,217 ms
104.19.150.52,SJC,北美洲,圣何塞,217 ms
104.20.209.141,LAX,北美洲,洛杉矶,217 ms
104.16.17.182,SJC,北美洲,圣何塞,217 ms
104.20.186.67,LAX,北美洲,洛杉矶,217 ms
104.20.59.241,LAX,北美洲,洛杉矶,217 ms
104.20.56.198,LAX,北美洲,洛杉矶,217 ms
104.24.208.45,LAX,北美洲,洛杉矶,217 ms
104.23.126.52,LAX,北美洲,洛杉矶,217 ms
104.16.148.119,SJC,北美洲,圣何塞,217 ms
104.20.115.245,LAX,北美洲,洛杉矶,217 ms
1.0.0.176,LAX,北美洲,洛杉矶,218 ms
1.0.0.183,LAX,北美洲,洛杉矶,218 ms
1.0.0.64,LAX,北美洲,洛杉矶,218 ms
1.0.0.109,LAX,北美洲,洛杉矶,218 ms
1.0.0.252,LAX,北美洲,洛杉矶,218 ms
1.0.0.28,LAX,北美洲,洛杉矶,218 ms
104.17.81.226,SJC,北美洲,圣何塞,218 ms
104.20.146.220,LAX,北美洲,洛杉矶,218 ms
104.20.212.158,LAX,北美洲,洛杉矶,218 ms
104.21.79.101,SJC,北美洲,圣何塞,218 ms
104.24.64.146,LAX,北美洲,洛杉矶,218 ms
104.16.115.107,SJC,北美洲,圣何塞,218 ms
104.17.160.152,SJC,北美洲,圣何塞,218 ms
104.25.48.231,LAX,北美洲,洛杉矶,218 ms
104.20.174.102,LAX,北美洲,洛杉矶,218 ms
104.21.80.137,LAX,北美洲,洛杉矶,218 ms
104.18.238.92,SJC,北美洲,圣何塞,218 ms
104.19.27.179,LAX,北美洲,洛杉矶,218 ms
104.16.143.86,SJC,北美洲,圣何塞,218 ms
104.21.197.193,LAX,北美洲,洛杉矶,218 ms
104.24.89.215,LAX,北美洲,洛杉矶,218 ms
1.0.0.118,LAX,北美洲,洛杉矶,218 ms
1.0.0.198,LAX,北美洲,洛杉矶,218 ms
104.24.146.205,LAX,北美洲,洛杉矶,218 ms
104.17.196.102,SJC,北美洲,圣何塞,218 ms
104.24.45.214,LAX,北美洲,洛杉矶,218 ms
104.24.234.5,LAX,北美洲,洛杉矶,218 ms
1.0.0.54,LAX,北美洲,洛杉矶,218 ms
104.19.201.67,LAX,北美洲,洛杉矶,218 ms
104.20.73.219,LAX,北美洲,洛杉矶,218 ms
104.21.196.119,LAX,北美洲,洛杉矶,218 ms
104.17.112.102,SJC,北美洲,圣何塞,218 ms
104.21.109.221,LAX,北美洲,洛杉矶,218 ms
104.17.230.182,SJC,北美洲,圣何塞,218 ms
104.22.72.141,LAX,北美洲,洛杉矶,218 ms
104.20.66.75,LAX,北美洲,洛杉矶,218 ms
104.20.65.184,LAX,北美洲,洛杉矶,218 ms
104.16.0.184,SJC,北美洲,圣何塞,218 ms
104.24.243.127,LAX,北美洲,洛杉矶,219 ms
104.20.119.253,LAX,北美洲,洛杉矶,219 ms
104.20.118.212,LAX,北美洲,洛杉矶,219 ms
104.18.80.63,SJC,北美洲,圣何塞,219 ms
104.21.85.27,LAX,北美洲,洛杉矶,219 ms
104.20.9.17,LAX,北美洲,洛杉矶,219 ms
104.20.255.68,LAX,北美洲,洛杉矶,219 ms
104.24.95.176,LAX,北美洲,洛杉矶,219 ms
104.24.225.15,LAX,北美洲,洛杉矶,219 ms
104.20.201.183,LAX,北美洲,洛杉矶,219 ms
104.25.35.50,LAX,北美洲,洛杉矶,219 ms
104.17.249.121,SJC,北美洲,圣何塞,219 ms
104.24.224.213,LAX,北美洲,洛杉矶,219 ms
104.21.21.248,LAX,北美洲,洛杉矶,219 ms
104.16.196.96,SJC,北美洲,圣何塞,219 ms
104.18.132.201,SJC,北美洲,圣何塞,219 ms
104.20.63.169,LAX,北美洲,洛杉矶,219 ms
104.16.123.204,SJC,北美洲,圣何塞,219 ms
104.16.41.253,SJC,北美洲,圣何塞,219 ms
104.24.180.60,LAX,北美洲,洛杉矶,219 ms
104.16.222.197,SJC,北美洲,圣何塞,219 ms
104.24.138.55,LAX,北美洲,洛杉矶,219 ms
104.24.137.0,LAX,北美洲,洛杉矶,219 ms
104.24.173.187,LAX,北美洲,洛杉矶,219 ms
104.20.112.12,LAX,北美洲,洛杉矶,219 ms
104.20.111.142,LAX,北美洲,洛杉矶,219 ms
104.16.137.128,SJC,北美洲,圣何塞,220 ms
104.16.161.78,SJC,北美洲,圣何塞,220 ms
104.16.96.19,SJC,北美洲,圣何塞,220 ms
104.16.30.252,SJC,北美洲,圣何塞,220 ms
104.19.227.215,SJC,北美洲,圣何塞,220 ms
104.20.252.155,LAX,北美洲,洛杉矶,220 ms
104.16.121.9,SJC,北美洲,圣何塞,220 ms
104.24.223.205,LAX,北美洲,洛杉矶,220 ms
104.24.233.109,LAX,北美洲,洛杉矶,220 ms
104.16.119.255,SJC,北美洲,圣何塞,220 ms
104.24.220.200,LAX,北美洲,洛杉矶,220 ms
104.24.246.12,LAX,北美洲,洛杉矶,220 ms
104.21.20.91,SJC,北美洲,圣何塞,220 ms
104.24.91.169,LAX,北美洲,洛杉矶,220 ms
104.21.114.23,LAX,北美洲,洛杉矶,220 ms
104.20.184.147,LAX,北美洲,洛杉矶,220 ms
104.24.159.52,LAX,北美洲,洛杉矶,220 ms
104.16.132.146,SJC,北美洲,圣何塞,220 ms
104.19.109.43,LAX,北美洲,洛杉矶,220 ms
104.24.214.174,LAX,北美洲,洛杉矶,220 ms
104.21.5.239,LAX,北美洲,洛杉矶,220 ms
104.21.6.99,LAX,北美洲,洛杉矶,220 ms
104.17.46.202,SJC,北美洲,圣何塞,220 ms
104.20.103.28,LAX,北美洲,洛杉矶,220 ms
104.20.152.214,LAX,北美洲,洛杉矶,220 ms
104.20.235.70,LAX,北美洲,洛杉矶,220 ms
104.17.194.31,SJC,北美洲,圣何塞,220 ms
104.16.225.255,SJC,北美洲,圣何塞,220 ms
104.18.93.43,SJC,北美洲,圣何塞,220 ms
104.20.173.127,LAX,北美洲,洛杉矶,220 ms
104.19.165.16,SJC,北美洲,圣何塞,220 ms
104.19.161.113,SJC,北美洲,圣何塞,220 ms
104.20.183.135,LAX,北美洲,洛杉矶,220 ms
104.16.183.231,SJC,北美洲,圣何塞,220 ms
104.16.156.143,SJC,北美洲,圣何塞,221 ms
104.21.77.191,LAX,北美洲,洛杉矶,221 ms
104.20.48.132,LAX,北美洲,洛杉矶,221 ms
104.23.139.147,SJC,北美洲,圣何塞,221 ms
104.24.131.135,LAX,北美洲,洛杉矶,221 ms
104.20.251.175,LAX,北美洲,洛杉矶,221 ms
104.21.67.75,LAX,北美洲,洛杉矶,221 ms
108.162.196.245,LAX,北美洲,洛杉矶,221 ms
104.18.239.200,SJC,北美洲,圣何塞,221 ms
104.21.120.168,LAX,北美洲,洛杉矶,221 ms
104.24.164.172,LAX,北美洲,洛杉矶,221 ms
104.20.68.194,LAX,北美洲,洛杉矶,221 ms
104.16.71.163,SJC,北美洲,圣何塞,221 ms
108.162.195.49,LAX,北美洲,洛杉矶,221 ms
104.24.213.162,LAX,北美洲,洛杉矶,221 ms
104.20.149.39,LAX,北美洲,洛杉矶,221 ms
104.16.55.79,SJC,北美洲,圣何塞,221 ms
104.20.232.224,LAX,北美洲,洛杉矶,221 ms
104.16.45.59,SJC,北美洲,圣何塞,221 ms
104.20.172.219,LAX,北美洲,洛杉矶,221 ms
104.18.201.16,SJC,北美洲,圣何塞,221 ms
104.21.123.74,LAX,北美洲,洛杉矶,222 ms
104.17.174.44,SJC,北美洲,圣何塞,222 ms
104.21.65.202,LAX,北美洲,洛杉矶,222 ms
108.162.198.166,SJC,北美洲,圣何塞,222 ms
104.16.151.171,SJC,北美洲,圣何塞,222 ms
104.17.2.191,SJC,北美洲,圣何塞,222 ms
104.21.73.42,LAX,北美洲,洛杉矶,222 ms
1.0.0.30,LAX,北美洲,洛杉矶,222 ms
104.24.158.225,LAX,北美洲,洛杉矶,222 ms
104.18.73.202,SJC,北美洲,圣何塞,222 ms
104.16.90.163,SJC,北美洲,圣何塞,222 ms
1.0.0.158,LAX,北美洲,洛杉矶,222 ms
1.0.0.210,LAX,北美洲,洛杉矶,222 ms
1.0.0.26,LAX,北美洲,洛杉矶,222 ms
1.0.0.92,LAX,北美洲,洛杉矶,222 ms
104.20.171.222,LAX,北美洲,洛杉矶,222 ms
104.17.5.130,SJC,北美洲,圣何塞,222 ms
104.21.74.183,LAX,北美洲,洛杉矶,222 ms
104.18.245.197,SJC,北美洲,圣何塞,222 ms
104.21.66.245,LAX,北美洲,洛杉矶,222 ms
104.20.67.8,LAX,北美洲,洛杉矶,222 ms
104.20.69.131,LAX,北美洲,洛杉矶,222 ms
1.0.0.10,LAX,北美洲,洛杉矶,222 ms
104.20.177.117,LAX,北美洲,洛杉矶,222 ms
104.24.221.190,LAX,北美洲,洛杉矶,222 ms
104.21.13.69,LAX,北美洲,洛杉矶,222 ms
104.21.14.15,LAX,北美洲,洛杉矶,222 ms
104.21.81.153,LAX,北美洲,洛杉矶,223 ms
104.25.34.255,LAX,北美洲,洛杉矶,223 ms
104.20.193.44,LAX,北美洲,洛杉矶,223 ms
104.20.128.21,LAX,北美洲,洛杉矶,223 ms
104.24.242.155,LAX,北美洲,洛杉矶,223 ms
104.18.169.242,SJC,北美洲,圣何塞,223 ms
104.16.233.223,SJC,北美洲,圣何塞,223 ms
104.20.237.227,LAX,北美洲,洛杉矶,223 ms
108.162.194.227,LAX,北美洲,洛杉矶,223 ms
104.20.75.134,LAX,北美洲,洛杉矶,223 ms
104.24.205.179,LAX,北美洲,洛杉矶,223 ms
104.21.64.165,LAX,北美洲,洛杉矶,223 ms
104.16.54.217,SJC,北美洲,圣何塞,223 ms
104.17.234.169,SJC,北美洲,圣何塞,223 ms
104.21.42.85,LAX,北美洲,洛杉矶,223 ms
104.17.193.167,SJC,北美洲,圣何塞,223 ms
1.0.0.173,LAX,北美洲,洛杉矶,223 ms
1.0.0.62,LAX,北美洲,洛杉矶,223 ms
1.0.0.201,LAX,北美洲,洛杉矶,223 ms
1.0.0.75,LAX,北美洲,洛杉矶,223 ms
104.24.252.103,LAX,北美洲,洛杉矶,223 ms
104.17.104.50,SJC,北美洲,圣何塞,223 ms
104.16.168.40,SJC,北美洲,圣何塞,223 ms
104.16.240.85,SJC,北美洲,圣何塞,223 ms
104.17.210.1,SJC,北美洲,圣何塞,223 ms
104.24.166.174,LAX,北美洲,洛杉矶,223 ms
104.20.61.236,LAX,北美洲,洛杉矶,223 ms
104.24.231.200,LAX,北美洲,洛杉矶,223 ms
104.18.205.251,SJC,北美洲,圣何塞,223 ms
104.21.210.171,SJC,北美洲,圣何塞,223 ms
104.20.229.77,LAX,北美洲,洛杉矶,224 ms
104.21.122.149,LAX,北美洲,洛杉矶,224 ms
104.24.172.176,LAX,北美洲,洛杉矶,224 ms
104.21.41.199,LAX,北美洲,洛杉矶,224 ms
104.25.33.159,LAX,北美洲,洛杉矶,224 ms
104.24.92.13,LAX,北美洲,洛杉矶,224 ms
104.24.193.154,LAX,北美洲,洛杉矶,224 ms
104.18.152.24,SJC,北美洲,圣何塞,224 ms
104.24.150.137,LAX,北美洲,洛杉矶,224 ms
104.17.214.243,SJC,北美洲,圣何塞,224 ms
104.24.142.163,LAX,北美洲,洛杉矶,224 ms
104.20.58.207,LAX,北美洲,洛杉矶,224 ms
104.18.129.133,SJC,北美洲,圣何塞,224 ms
104.19.217.148,SJC,北美洲,圣何塞,224 ms
104.21.11.106,LAX,北美洲,洛杉矶,224 ms
104.20.158.44,LAX,北美洲,洛杉矶,224 ms
104.16.181.38,SJC,北美洲,圣何塞,224 ms
104.19.100.174,LAX,北美洲,洛杉矶,224 ms
104.24.157.118,LAX,北美洲,洛杉矶,224 ms
104.24.255.150,LAX,北美洲,洛杉矶,224 ms
104.18.187.105,SJC,北美洲,圣何塞,224 ms
104.16.227.189,SJC,北美洲,圣何塞,224 ms
104.20.170.252,LAX,北美洲,洛杉矶,224 ms
104.19.170.128,SJC,北美洲,圣何塞,224 ms
104.21.121.118,LAX,北美洲,洛杉矶,225 ms
104.21.223.237,SJC,北美洲,圣何塞,225 ms
104.18.141.31,SJC,北美洲,圣何塞,225 ms
104.17.56.149,SJC,北美洲,圣何塞,225 ms
104.20.249.14,LAX,北美洲,洛杉矶,225 ms
104.16.214.178,SJC,北美洲,圣何塞,225 ms
104.19.186.240,SJC,北美洲,圣何塞,225 ms
104.20.109.197,LAX,北美洲,洛杉矶,225 ms
104.18.114.42,SJC,北美洲,圣何塞,225 ms
104.21.230.122,SJC,北美洲,圣何塞,225 ms
104.17.162.66,SJC,北美洲,圣何塞,225 ms
104.21.113.90,LAX,北美洲,洛杉矶,225 ms
104.21.112.42,SJC,北美洲,圣何塞,225 ms
104.18.131.144,SJC,北美洲,圣何塞,225 ms
104.20.221.21,LAX,北美洲,洛杉矶,225 ms
104.20.223.5,LAX,北美洲,洛杉矶,225 ms
104.20.220.50,LAX,北美洲,洛杉矶,225 ms
104.24.217.28,LAX,北美洲,洛杉矶,225 ms
104.20.101.170,LAX,北美洲,洛杉矶,225 ms
104.25.32.206,LAX,北美洲,洛杉矶,225 ms
104.16.179.49,SJC,北美洲,圣何塞,225 ms
104.17.225.160,SJC,北美洲,圣何塞,225 ms
104.16.8.137,SJC,北美洲,圣何塞,225 ms
104.20.121.0,LAX,北美洲,洛杉矶,225 ms
104.19.188.47,SJC,北美洲,圣何塞,225 ms
104.17.163.3,SJC,北美洲,圣何塞,226 ms
104.18.10.141,LAX,北美洲,洛杉矶,226 ms
104.20.126.175,LAX,北美洲,洛杉矶,226 ms
141.101.115.254,SJC,北美洲,圣何塞,226 ms
104.17.207.221,SJC,北美洲,圣何塞,226 ms
104.19.252.160,SJC,北美洲,圣何塞,226 ms
104.25.28.70,LAX,北美洲,洛杉矶,226 ms
104.18.84.154,SJC,北美洲,圣何塞,226 ms
104.17.21.41,SJC,北美洲,圣何塞,226 ms
104.16.207.43,SJC,北美洲,圣何塞,226 ms
104.18.65.221,SJC,北美洲,圣何塞,226 ms
104.24.148.57,LAX,北美洲,洛杉矶,226 ms
104.24.149.30,LAX,北美洲,洛杉矶,226 ms
104.18.224.54,SJC,北美洲,圣何塞,226 ms
104.24.155.44,LAX,北美洲,洛杉矶,226 ms
104.17.215.134,SJC,北美洲,圣何塞,226 ms
104.21.63.66,LAX,北美洲,洛杉矶,226 ms
104.21.60.238,LAX,北美洲,洛杉矶,226 ms
104.24.188.142,LAX,北美洲,洛杉矶,226 ms
104.20.224.167,LAX,北美洲,洛杉矶,226 ms
104.16.113.90,SJC,北美洲,圣何塞,226 ms
104.21.107.60,LAX,北美洲,洛杉矶,226 ms
104.21.106.255,LAX,北美洲,洛杉矶,226 ms
104.20.154.203,LAX,北美洲,洛杉矶,226 ms
104.19.151.159,SJC,北美洲,圣何塞,226 ms
104.18.162.155,SJC,北美洲,圣何塞,226 ms
104.24.229.117,LAX,北美洲,洛杉矶,226 ms
104.20.236.147,LAX,北美洲,洛杉矶,226 ms
104.21.124.53,LAX,北美洲,洛杉矶,227 ms
104.18.234.100,SJC,北美洲,圣何塞,227 ms
104.19.240.32,SJC,北美洲,圣何塞,227 ms
104.18.229.147,SJC,北美洲,圣何塞,227 ms
104.16.223.121,SJC,北美洲,圣何塞,227 ms
104.17.237.3,SJC,北美洲,圣何塞,227 ms
104.16.210.19,SJC,北美洲,圣何塞,227 ms
104.16.110.246,SJC,北美洲,圣何塞,227 ms
104.18.97.30,SJC,北美洲,圣何塞,227 ms
104.16.105.29,SJC,北美洲,圣何塞,227 ms
104.17.78.154,SJC,北美洲,圣何塞,227 ms
104.20.169.235,LAX,北美洲,洛杉矶,227 ms
104.18.153.105,SJC,北美洲,圣何塞,227 ms
104.16.104.123,SJC,北美洲,圣何塞,227 ms
104.21.3.41,LAX,北美洲,洛杉矶,227 ms
104.16.203.189,SJC,北美洲,圣何塞,227 ms
104.17.201.164,SJC,北美洲,圣何塞,227 ms
104.23.134.248,SJC,北美洲,圣何塞,228 ms
104.16.47.152,SJC,北美洲,圣何塞,228 ms
104.21.31.58,LAX,北美洲,洛杉矶,228 ms
104.16.201.32,SJC,北美洲,圣何塞,228 ms
104.21.97.223,LAX,北美洲,洛杉矶,228 ms
104.21.98.143,LAX,北美洲,洛杉矶,228 ms
104.21.30.73,SJC,北美洲,圣何塞,228 ms
104.20.219.109,LAX,北美洲,洛杉矶,228 ms
104.16.92.41,SJC,北美洲,圣何塞,228 ms
104.21.28.82,LAX,北美洲,洛杉矶,228 ms
104.16.175.104,SJC,北美洲,圣何塞,228 ms
104.21.234.156,SJC,北美洲,圣何塞,228 ms
104.16.43.93,SJC,北美洲,圣何塞,228 ms
104.23.141.102,SJC,北美洲,圣何塞,228 ms
104.20.157.38,LAX,北美洲,洛杉矶,228 ms
104.21.4.98,LAX,北美洲,洛杉矶,228 ms
104.25.62.244,LAX,北美洲,洛杉矶,228 ms
104.16.141.148,SJC,北美洲,圣何塞,228 ms
104.25.80.226,LAX,北美洲,洛杉矶,228 ms
104.16.48.43,SJC,北美洲,圣何塞,228 ms
104.24.228.201,LAX,北美洲,洛杉矶,228 ms
104.19.237.153,SJC,北美洲,圣何塞,229 ms
104.27.204.39,LAX,北美洲,洛杉矶,229 ms
104.27.205.91,LAX,北美洲,洛杉矶,229 ms
104.20.248.179,LAX,北美洲,洛杉矶,229 ms
104.20.123.213,LAX,北美洲,洛杉矶,229 ms
104.24.154.140,LAX,北美洲,洛杉矶,229 ms
104.26.9.114,HKG,亚太地区,香港,229 ms
104.16.125.19,SJC,北美洲,圣何塞,229 ms
104.25.9.159,LAX,北美洲,洛杉矶,229 ms
104.16.211.230,SJC,北美洲,圣何塞,229 ms
104.18.181.102,SJC,北美洲,圣何塞,229 ms
104.16.9.144,SJC,北美洲,圣何塞,229 ms
104.17.144.33,SJC,北美洲,圣何塞,229 ms
104.17.11.75,SJC,北美洲,圣何塞,229 ms
104.20.182.38,LAX,北美洲,洛杉矶,229 ms
104.25.31.38,LAX,北美洲,洛杉矶,229 ms
104.25.10.229,LAX,北美洲,洛杉矶,229 ms
104.21.94.224,LAX,北美洲,洛杉矶,229 ms
104.21.95.78,LAX,北美洲,洛杉矶,229 ms
104.21.93.113,LAX,北美洲,洛杉矶,229 ms
104.16.152.74,SJC,北美洲,圣何塞,229 ms
104.25.13.212,LAX,北美洲,洛杉矶,230 ms
104.25.1.253,LAX,北美洲,洛杉矶,230 ms
104.25.0.224,LAX,北美洲,洛杉矶,230 ms
104.20.71.255,LAX,北美洲,洛杉矶,230 ms
104.17.156.108,SJC,北美洲,圣何塞,230 ms
104.20.51.8,LAX,北美洲,洛杉矶,230 ms
104.17.252.89,SJC,北美洲,圣何塞,230 ms
104.21.226.4,SJC,北美洲,圣何塞,230 ms
104.24.241.184,LAX,北美洲,洛杉矶,230 ms
104.21.26.123,LAX,北美洲,洛杉矶,230 ms
104.21.117.130,LAX,北美洲,洛杉矶,230 ms
104.21.116.225,LAX,北美洲,洛杉矶,230 ms
104.19.146.34,SJC,北美洲,圣何塞,230 ms
104.17.33.216,SJC,北美洲,圣何塞,231 ms
104.18.100.43,SJC,北美洲,圣何塞,231 ms
104.16.107.251,SJC,北美洲,圣何塞,231 ms
104.20.168.105,LAX,北美洲,洛杉矶,231 ms
104.24.165.33,LAX,北美洲,洛杉矶,231 ms
104.21.111.18,LAX,北美洲,洛杉矶,231 ms
104.21.110.196,LAX,北美洲,洛杉矶,231 ms
104.20.153.38,LAX,北美洲,洛杉矶,231 ms
104.24.139.3,LAX,北美洲,洛杉矶,231 ms
104.16.11.83,SJC,北美洲,圣何塞,231 ms
104.21.237.85,SJC,北美洲,圣何塞,231 ms
104.19.225.108,SJC,北美洲,圣何塞,231 ms
104.21.24.110,LAX,北美洲,洛杉矶,231 ms
104.25.83.219,LAX,北美洲,洛杉矶,231 ms
104.25.84.118,LAX,北美洲,洛杉矶,231 ms
104.19.215.59,SJC,北美洲,圣何塞,231 ms
104.17.211.29,SJC,北美洲,圣何塞,231 ms
104.18.167.81,SJC,北美洲,圣何塞,231 ms
104.20.227.88,LAX,北美洲,洛杉矶,231 ms
104.17.10.221,SJC,北美洲,圣何塞,231 ms
104.16.208.154,SJC,北美洲,圣何塞,232 ms
104.19.213.197,SJC,北美洲,圣何塞,232 ms
104.21.59.210,LAX,北美洲,洛杉矶,232 ms
104.18.222.144,SJC,北美洲,圣何塞,232 ms
104.17.19.245,SJC,北美洲,圣何塞,232 ms
104.26.8.22,HKG,亚太地区,香港,232 ms
104.21.19.59,LAX,北美洲,洛杉矶,232 ms
104.16.46.115,SJC,北美洲,圣何塞,232 ms
104.25.30.221,LAX,北美洲,洛杉矶,232 ms
104.25.8.57,LAX,北美洲,洛杉矶,232 ms
104.25.6.69,LAX,北美洲,洛杉矶,232 ms
104.16.59.94,SJC,北美洲,圣何塞,232 ms
104.16.118.157,SJC,北美洲,圣何塞,232 ms
104.17.28.126,SJC,北美洲,圣何塞,232 ms
104.16.102.91,SJC,北美洲,圣何塞,232 ms
104.25.72.147,LAX,北美洲,洛杉矶,232 ms
104.20.151.43,LAX,北美洲,洛杉矶,232 ms
104.20.150.163,LAX,北美洲,洛杉矶,232 ms
104.25.81.253,LAX,北美洲,洛杉矶,232 ms
104.21.227.87,SJC,北美洲,圣何塞,232 ms
104.25.5.142,LAX,北美洲,洛杉矶,232 ms
104.18.175.5,SJC,北美洲,圣何塞,232 ms
104.16.242.242,SJC,北美洲,圣何塞,232 ms
104.20.167.42,LAX,北美洲,洛杉矶,232 ms
104.25.26.123,LAX,北美洲,洛杉矶,232 ms
104.16.231.225,SJC,北美洲,圣何塞,232 ms
104.21.88.69,LAX,北美洲,洛杉矶,233 ms
104.20.234.1,LAX,北美洲,洛杉矶,233 ms
104.25.3.159,LAX,北美洲,洛杉矶,233 ms
104.25.12.99,LAX,北美洲,洛杉矶,233 ms
104.16.122.182,SJC,北美洲,圣何塞,233 ms
104.25.7.234,LAX,北美洲,洛杉矶,233 ms
104.18.76.161,SJC,北美洲,圣何塞,233 ms
104.20.230.197,LAX,北美洲,洛杉矶,233 ms
104.20.55.57,LAX,北美洲,洛杉矶,233 ms
104.21.17.160,LAX,北美洲,洛杉矶,233 ms
104.21.71.54,LAX,北美洲,洛杉矶,233 ms
104.21.43.3,LAX,北美洲,洛杉矶,233 ms
104.21.44.136,LAX,北美洲,洛杉矶,233 ms
104.17.172.215,SJC,北美洲,圣何塞,233 ms
104.16.215.7,SJC,北美洲,圣何塞,234 ms
104.21.212.185,SJC,北美洲,圣何塞,234 ms
104.17.222.246,SJC,北美洲,圣何塞,234 ms
104.16.128.95,SJC,北美洲,圣何塞,234 ms
104.25.59.56,LAX,北美洲,洛杉矶,234 ms
104.17.248.117,SJC,北美洲,圣何塞,234 ms
104.25.57.41,LAX,北美洲,洛杉矶,234 ms
104.16.100.181,SJC,北美洲,圣何塞,234 ms
104.16.185.51,SJC,北美洲,圣何塞,234 ms
104.19.209.127,SJC,北美洲,圣何塞,234 ms
104.21.87.152,LAX,北美洲,洛杉矶,234 ms
104.25.2.250,LAX,北美洲,洛杉矶,234 ms
104.16.129.88,SJC,北美洲,圣何塞,234 ms
104.25.60.93,LAX,北美洲,洛杉矶,234 ms
104.17.24.195,SJC,北美洲,圣何塞,234 ms
104.25.58.174,LAX,北美洲,洛杉矶,234 ms
104.17.182.42,SJC,北美洲,圣何塞,235 ms
104.21.51.161,LAX,北美洲,洛杉矶,235 ms
104.20.57.147,LAX,北美洲,洛杉矶,235 ms
104.16.77.191,SJC,北美洲,圣何塞,235 ms
104.16.35.35,SJC,北美洲,圣何塞,235 ms
104.24.240.123,LAX,北美洲,洛杉矶,235 ms
104.24.239.216,LAX,北美洲,洛杉矶,235 ms
104.24.238.73,LAX,北美洲,洛杉矶,235 ms
104.25.68.156,LAX,北美洲,洛杉矶,235 ms
104.25.56.7,LAX,北美洲,洛杉矶,235 ms
104.21.54.16,LAX,北美洲,洛杉矶,235 ms
104.25.22.182,LAX,北美洲,洛杉矶,235 ms
104.25.21.213,LAX,北美洲,洛杉矶,235 ms
104.25.20.105,LAX,北美洲,洛杉矶,235 ms
104.25.23.49,LAX,北美洲,洛杉矶,235 ms
104.16.197.187,SJC,北美洲,圣何塞,235 ms
104.18.207.91,SJC,北美洲,圣何塞,236 ms
104.20.228.74,LAX,北美洲,洛杉矶,236 ms
104.21.119.240,LAX,北美洲,洛杉矶,236 ms
104.21.108.22,LAX,北美洲,洛杉矶,236 ms
104.16.176.86,SJC,北美洲,圣何塞,236 ms
104.16.165.220,SJC,北美洲,圣何塞,236 ms
104.20.166.24,LAX,北美洲,洛杉矶,236 ms
104.17.223.93,SJC,北美洲,圣何塞,236 ms
104.21.68.155,LAX,北美洲,洛杉矶,236 ms
104.25.69.72,LAX,北美洲,洛杉矶,236 ms
104.16.237.244,SJC,北美洲,圣何塞,236 ms
104.25.43.55,LAX,北美洲,洛杉矶,236 ms
104.25.29.161,LAX,北美洲,洛杉矶,236 ms
104.24.251.29,LAX,北美洲,洛杉矶,236 ms
104.17.154.164,SJC,北美洲,圣何塞,237 ms
104.25.160.186,LAX,北美洲,洛杉矶,237 ms
104.20.246.185,LAX,北美洲,洛杉矶,237 ms
104.20.247.6,LAX,北美洲,洛杉矶,237 ms
104.25.157.17,LAX,北美洲,洛杉矶,237 ms
104.25.136.58,LAX,北美洲,洛杉矶,237 ms
104.18.170.4,SJC,北美洲,圣何塞,238 ms
104.16.209.243,SJC,北美洲,圣何塞,238 ms
104.25.40.154,LAX,北美洲,洛杉矶,238 ms
104.16.220.1,SJC,北美洲,圣何塞,238 ms
104.25.41.118,LAX,北美洲,洛杉矶,238 ms
104.16.163.10,SJC,北美洲,圣何塞,238 ms
104.21.233.62,SJC,北美洲,圣何塞,238 ms
104.17.161.156,SJC,北美洲,圣何塞,238 ms
104.21.33.123,SJC,北美洲,圣何塞,238 ms
104.17.171.110,SJC,北美洲,圣何塞,238 ms
104.16.86.141,SJC,北美洲,圣何塞,238 ms
104.16.111.200,SJC,北美洲,圣何塞,238 ms
104.17.175.183,SJC,北美洲,圣何塞,238 ms
104.19.245.17,SJC,北美洲,圣何塞,239 ms
104.20.233.214,LAX,北美洲,洛杉矶,239 ms
104.21.90.20,LAX,北美洲,洛杉矶,239 ms
104.16.145.88,SJC,北美洲,圣何塞,239 ms
104.17.195.187,SJC,北美洲,圣何塞,239 ms
104.21.115.18,LAX,北美洲,洛杉矶,239 ms
104.17.203.25,SJC,北美洲,圣何塞,239 ms
104.17.92.141,SJC,北美洲,圣何塞,239 ms
104.18.112.140,SJC,北美洲,圣何塞,239 ms
104.25.55.71,LAX,北美洲,洛杉矶,239 ms
104.19.160.79,SJC,北美洲,圣何塞,239 ms
104.20.245.186,LAX,北美洲,洛杉矶,239 ms
104.25.79.8,LAX,北美洲,洛杉矶,239 ms
104.18.102.140,SJC,北美洲,圣何塞,239 ms
104.16.187.52,SJC,北美洲,圣何塞,239 ms
104.16.193.153,SJC,北美洲,圣何塞,239 ms
104.16.171.14,SJC,北美洲,圣何塞,239 ms
104.21.238.254,SJC,北美洲,圣何塞,239 ms
104.25.112.36,LAX,北美洲,洛杉矶,239 ms
104.18.121.235,SJC,北美洲,圣何塞,239 ms
104.21.40.41,LAX,北美洲,洛杉矶,239 ms
104.20.244.117,LAX,北美洲,洛杉矶,240 ms
104.25.27.120,LAX,北美洲,洛杉矶,240 ms
104.19.176.121,SJC,北美洲,圣何塞,240 ms
104.25.66.37,LAX,北美洲,洛杉矶,240 ms
104.21.104.82,LAX,北美洲,洛杉矶,240 ms
104.25.71.82,LAX,北美洲,洛杉矶,240 ms
104.16.84.96,SJC,北美洲,圣何塞,240 ms
104.16.194.165,SJC,北美洲,圣何塞,240 ms
104.25.18.217,LAX,北美洲,洛杉矶,240 ms
104.17.131.118,SJC,北美洲,圣何塞,240 ms
104.17.213.86,SJC,北美洲,圣何塞,241 ms
104.16.172.119,SJC,北美洲,圣何塞,241 ms
104.16.204.236,SJC,北美洲,圣何塞,241 ms
104.16.162.209,SJC,北美洲,圣何塞,241 ms
104.21.102.17,LAX,北美洲,洛杉矶,241 ms
104.25.67.220,LAX,北美洲,洛杉矶,241 ms
104.25.19.148,LAX,北美洲,洛杉矶,241 ms
104.21.23.167,LAX,北美洲,洛杉矶,241 ms
104.21.25.88,LAX,北美洲,洛杉矶,241 ms
104.17.130.120,SJC,北美洲,圣何塞,241 ms
104.16.155.99,SJC,北美洲,圣何塞,241 ms
104.19.239.177,SJC,北美洲,圣何塞,241 ms
104.25.17.248,LAX,北美洲,洛杉矶,242 ms
104.21.39.111,LAX,北美洲,洛杉矶,242 ms
104.21.232.108,SJC,北美洲,圣何塞,242 ms
104.21.61.1,LAX,北美洲,洛杉矶,242 ms
104.18.185.92,SJC,北美洲,圣何塞,242 ms
104.17.170.64,SJC,北美洲,圣何塞,242 ms
104.17.105.69,SJC,北美洲,圣何塞,242 ms
104.21.101.159,LAX,北美洲,洛杉矶,242 ms
104.21.100.94,LAX,北美洲,洛杉矶,242 ms
104.17.147.54,SJC,北美洲,圣何塞,242 ms
104.25.65.109,LAX,北美洲,洛杉矶,243 ms
104.25.88.147,LAX,北美洲,洛杉矶,243 ms
104.25.52.178,LAX,北美洲,洛杉矶,243 ms
104.17.200.70,SJC,北美洲,圣何塞,243 ms
104.19.223.85,SJC,北美洲,圣何塞,243 ms
104.25.36.16,LAX,北美洲,洛杉矶,243 ms
104.25.39.201,LAX,北美洲,洛杉矶,243 ms
104.16.154.198,SJC,北美洲,圣何塞,243 ms
104.19.167.220,SJC,北美洲,圣何塞,243 ms
104.25.16.2,LAX,北美洲,洛杉矶,243 ms
104.25.165.194,LAX,北美洲,洛杉矶,243 ms
104.20.240.228,LAX,北美洲,洛杉矶,243 ms
104.21.35.84,LAX,北美洲,洛杉矶,243 ms
104.16.37.221,SJC,北美洲,圣何塞,243 ms
104.16.36.182,SJC,北美洲,圣何塞,243 ms
104.27.207.182,LAX,北美洲,洛杉矶,244 ms
104.21.70.203,LAX,北美洲,洛杉矶,244 ms
104.25.108.189,LAX,北美洲,洛杉矶,244 ms
104.25.162.241,LAX,北美洲,洛杉矶,244 ms
104.25.164.228,LAX,北美洲,洛杉矶,244 ms
104.25.87.158,LAX,北美洲,洛杉矶,244 ms
104.20.241.178,LAX,北美洲,洛杉矶,244 ms
104.17.12.151,SJC,北美洲,圣何塞,244 ms
104.16.190.73,SJC,北美洲,圣何塞,244 ms
104.25.53.182,LAX,北美洲,洛杉矶,244 ms
104.25.14.52,LAX,北美洲,洛杉矶,244 ms
104.25.15.47,LAX,北美洲,洛杉矶,244 ms
104.16.149.217,SJC,北美洲,圣何塞,244 ms
104.17.99.39,SJC,北美洲,圣何塞,244 ms
104.25.78.200,LAX,北美洲,洛杉矶,244 ms
104.27.201.235,LAX,北美洲,洛杉矶,244 ms
104.27.203.253,SJC,北美洲,圣何塞,244 ms
104.25.51.220,LAX,北美洲,洛杉矶,244 ms
104.21.32.26,SJC,北美洲,圣何塞,244 ms
104.26.15.159,HKG,亚太地区,香港,244 ms
104.26.14.80,HKG,亚太地区,香港,244 ms
104.27.206.206,LAX,北美洲,洛杉矶,244 ms
104.16.68.3,SJC,北美洲,圣何塞,244 ms
104.25.109.55,LAX,北美洲,洛杉矶,244 ms
104.25.110.133,LAX,北美洲,洛杉矶,244 ms
104.17.168.185,SJC,北美洲,圣何塞,244 ms
104.19.247.20,SJC,北美洲,圣何塞,245 ms
104.21.29.89,SJC,北美洲,圣何塞,245 ms
104.21.9.76,SJC,北美洲,圣何塞,245 ms
104.25.54.11,LAX,北美洲,洛杉矶,245 ms
104.16.40.177,SJC,北美洲,圣何塞,245 ms
104.17.188.5,SJC,北美洲,圣何塞,245 ms
104.25.47.201,LAX,北美洲,洛杉矶,245 ms
104.27.202.22,LAX,北美洲,洛杉矶,245 ms
104.16.91.72,SJC,北美洲,圣何塞,245 ms
104.17.125.187,SJC,北美洲,圣何塞,245 ms
104.17.191.154,SJC,北美洲,圣何塞,245 ms
104.17.57.110,SJC,北美洲,圣何塞,245 ms
104.20.239.101,LAX,北美洲,洛杉矶,246 ms
104.21.0.24,LAX,北美洲,洛杉矶,246 ms
104.25.24.8,LAX,北美洲,洛杉矶,246 ms
104.25.102.212,LAX,北美洲,洛杉矶,246 ms
104.17.254.83,SJC,北美洲,圣何塞,246 ms
104.25.63.232,LAX,北美洲,洛杉矶,246 ms
104.25.64.60,LAX,北美洲,洛杉矶,246 ms
104.25.49.57,LAX,北美洲,洛杉矶,246 ms
104.25.50.222,LAX,北美洲,洛杉矶,246 ms
104.25.25.149,LAX,北美洲,洛杉矶,246 ms
104.18.219.255,SJC,北美洲,圣何塞,247 ms
104.20.238.174,LAX,北美洲,洛杉矶,247 ms
104.17.113.110,SJC,北美洲,圣何塞,247 ms
104.17.76.39,SJC,北美洲,圣何塞,247 ms
104.21.92.99,SJC,北美洲,圣何塞,247 ms
104.16.158.75,SJC,北美洲,圣何塞,247 ms
104.20.243.163,LAX,北美洲,洛杉矶,247 ms
104.17.150.180,SJC,北美洲,圣何塞,247 ms
104.16.130.138,SJC,北美洲,圣何塞,247 ms
104.25.77.155,LAX,北美洲,洛杉矶,248 ms
104.17.220.172,SJC,北美洲,圣何塞,248 ms
104.20.60.98,LAX,北美洲,洛杉矶,248 ms
104.16.253.166,SJC,北美洲,圣何塞,248 ms
104.23.137.168,SJC,北美洲,圣何塞,248 ms
104.25.86.95,LAX,北美洲,洛杉矶,249 ms
104.27.194.17,LAX,北美洲,洛杉矶,249 ms
104.16.58.241,SJC,北美洲,圣何塞,249 ms
104.17.34.60,SJC,北美洲,圣何塞,249 ms
104.25.82.185,LAX,北美洲,洛杉矶,249 ms
104.25.85.191,LAX,北美洲,洛杉矶,249 ms
104.21.91.87,SJC,北美洲,圣何塞,249 ms
104.20.254.48,LAX,北美洲,洛杉矶,249 ms
104.25.152.135,LAX,北美洲,洛杉矶,249 ms
104.25.149.85,LAX,北美洲,洛杉矶,250 ms
104.20.242.31,LAX,北美洲,洛杉矶,250 ms
104.25.76.120,LAX,北美洲,洛杉矶,250 ms
104.21.58.128,LAX,北美洲,洛杉矶,250 ms
104.17.51.156,SJC,北美洲,圣何塞,250 ms
104.21.72.59,SJC,北美洲,圣何塞,250 ms
104.17.228.178,SJC,北美洲,圣何塞,250 ms
104.25.90.146,LAX,北美洲,洛杉矶,250 ms
104.25.89.59,LAX,北美洲,洛杉矶,250 ms
104.25.146.82,LAX,北美洲,洛杉矶,251 ms
104.25.147.122,LAX,北美洲,洛杉矶,251 ms
104.25.148.245,LAX,北美洲,洛杉矶,251 ms
104.25.151.136,LAX,北美洲,洛杉矶,251 ms
104.25.150.246,LAX,北美洲,洛杉矶,251 ms
104.25.153.255,LAX,北美洲,洛杉矶,251 ms
104.17.88.184,SJC,北美洲,圣何塞,251 ms
104.25.127.28,LAX,北美洲,洛杉矶,251 ms
104.18.104.74,SJC,北美洲,圣何塞,251 ms
104.25.4.50,LAX,北美洲,洛杉矶,251 ms
104.25.126.170,LAX,北美洲,洛杉矶,251 ms
104.25.75.40,LAX,北美洲,洛杉矶,252 ms
104.25.104.135,LAX,北美洲,洛杉矶,252 ms
104.25.125.153,LAX,北美洲,洛杉矶,252 ms
104.25.124.35,LAX,北美洲,洛杉矶,252 ms
104.25.103.47,LAX,北美洲,洛杉矶,252 ms
104.16.219.95,SJC,北美洲,圣何塞,252 ms
104.17.120.1,SJC,北美洲,圣何塞,252 ms
104.21.69.121,SJC,北美洲,圣何塞,252 ms
104.25.202.35,LAX,北美洲,洛杉矶,252 ms
104.25.201.156,LAX,北美洲,洛杉矶,252 ms
104.16.182.104,SJC,北美洲,圣何塞,253 ms
104.21.36.42,LAX,北美洲,洛杉矶,253 ms
104.16.131.94,SJC,北美洲,圣何塞,254 ms
104.21.15.142,SJC,北美洲,圣何塞,254 ms
104.25.46.143,LAX,北美洲,洛杉矶,254 ms
104.17.166.174,SJC,北美洲,圣何塞,254 ms
104.21.50.169,LAX,北美洲,洛杉矶,254 ms
104.21.27.248,SJC,北美洲,圣何塞,254 ms
104.25.61.231,LAX,北美洲,洛杉矶,254 ms
104.21.126.98,SJC,北美洲,圣何塞,254 ms
104.25.11.228,LAX,北美洲,洛杉矶,255 ms
104.25.107.54,LAX,北美洲,洛杉矶,255 ms
104.27.198.38,LAX,北美洲,洛杉矶,255 ms
104.27.199.212,SJC,北美洲,圣何塞,255 ms
104.25.45.64,LAX,北美洲,洛杉矶,255 ms
104.17.1.159,SJC,北美洲,圣何塞,255 ms
104.16.159.231,SJC,北美洲,圣何塞,255 ms
104.25.106.11,LAX,北美洲,洛杉矶,256 ms
104.21.47.55,LAX,北美洲,洛杉矶,256 ms
104.17.42.163,SJC,北美洲,圣何塞,256 ms
104.17.39.156,SJC,北美洲,圣何塞,256 ms
104.21.125.177,SJC,北美洲,圣何塞,256 ms
104.24.237.151,LAX,北美洲,洛杉矶,256 ms
104.25.111.215,LAX,北美洲,洛杉矶,256 ms
104.17.17.202,SJC,北美洲,圣何塞,257 ms
104.21.7.7,LAX,北美洲,洛杉矶,257 ms
104.25.70.102,LAX,北美洲,洛杉矶,257 ms
104.21.22.179,SJC,北美洲,圣何塞,257 ms
104.16.144.210,SJC,北美洲,圣何塞,257 ms
104.17.49.205,SJC,北美洲,圣何塞,257 ms
104.21.62.16,SJC,北美洲,圣何塞,257 ms
104.25.122.127,LAX,北美洲,洛杉矶,258 ms
104.25.192.122,LAX,北美洲,洛杉矶,258 ms
104.25.101.160,LAX,北美洲,洛杉矶,258 ms
104.21.38.25,LAX,北美洲,洛杉矶,258 ms
104.17.77.201,SJC,北美洲,圣何塞,258 ms
104.18.54.8,LAX,北美洲,洛杉矶,258 ms
104.25.91.179,LAX,北美洲,洛杉矶,259 ms
104.25.92.199,LAX,北美洲,洛杉矶,259 ms
104.21.89.45,SJC,北美洲,圣何塞,259 ms
104.16.173.46,SJC,北美洲,圣何塞,259 ms
104.16.160.195,SJC,北美洲,圣何塞,259 ms
104.21.99.83,LAX,北美洲,洛杉矶,259 ms
104.25.159.219,LAX,北美洲,洛杉矶,259 ms
104.25.44.34,LAX,北美洲,洛杉矶,259 ms
104.24.235.12,LAX,北美洲,洛杉矶,259 ms
104.16.216.81,SJC,北美洲,圣何塞,259 ms
104.25.156.138,LAX,北美洲,洛杉矶,260 ms
104.25.158.168,LAX,北美洲,洛杉矶,260 ms
104.25.154.78,LAX,北美洲,洛杉矶,260 ms
104.25.155.94,LAX,北美洲,洛杉矶,260 ms
104.17.22.152,SJC,北美洲,圣何塞,260 ms
104.17.153.20,SJC,北美洲,圣何塞,260 ms
104.17.68.42,SJC,北美洲,圣何塞,260 ms
104.25.120.10,LAX,北美洲,洛杉矶,260 ms
104.25.118.247,LAX,北美洲,洛杉矶,260 ms
104.25.119.141,LAX,北美洲,洛杉矶,260 ms
104.25.117.235,LAX,北美洲,洛杉矶,260 ms
104.25.121.248,LAX,北美洲,洛杉矶,260 ms
104.25.94.233,LAX,北美洲,洛杉矶,260 ms
104.19.226.109,SJC,北美洲,圣何塞,261 ms
104.25.93.202,LAX,北美洲,洛杉矶,261 ms
104.25.74.50,LAX,北美洲,洛杉矶,261 ms
104.25.73.65,LAX,北美洲,洛杉矶,261 ms
104.16.150.18,SJC,北美洲,圣何塞,262 ms
104.25.105.101,LAX,北美洲,洛杉矶,262 ms
104.17.142.108,SJC,北美洲,圣何塞,263 ms
104.18.51.20,LAX,北美洲,洛杉矶,263 ms
104.16.177.172,SJC,北美洲,圣何塞,264 ms
104.19.163.37,SJC,北美洲,圣何塞,265 ms
104.18.58.176,LAX,北美洲,洛杉矶,265 ms
104.18.56.76,LAX,北美洲,洛杉矶,265 ms
104.17.70.218,SJC,北美洲,圣何塞,265 ms
104.25.195.26,LAX,北美洲,洛杉矶,267 ms
104.25.194.203,LAX,北美洲,洛杉矶,267 ms
104.25.193.58,LAX,北美洲,洛杉矶,267 ms
104.18.60.196,LAX,北美洲,洛杉矶,268 ms
104.21.56.146,SJC,北美洲,圣何塞,268 ms
104.21.34.254,SJC,北美洲,圣何塞,268 ms
104.17.79.236,SJC,北美洲,圣何塞,268 ms
104.25.123.177,LAX,北美洲,洛杉矶,269 ms
104.21.37.47,SJC,北美洲,圣何塞,269 ms
104.25.116.190,LAX,北美洲,洛杉矶,270 ms
104.25.115.151,LAX,北美洲,洛杉矶,270 ms
104.25.190.134,LAX,北美洲,洛杉矶,270 ms
104.21.55.91,SJC,北美洲,圣何塞,270 ms
141.101.120.46,SJC,北美洲,圣何塞,270 ms
104.25.189.204,LAX,北美洲,洛杉矶,270 ms
104.25.114.60,LAX,北美洲,洛杉矶,271 ms
104.25.113.137,LAX,北美洲,洛杉矶,271 ms
104.25.211.248,LAX,北美洲,洛杉矶,272 ms
104.25.210.133,LAX,北美洲,洛杉矶,272 ms
104.21.231.4,SJC,北美洲,圣何塞,272 ms
104.25.207.3,LAX,北美洲,洛杉矶,273 ms
104.25.208.152,LAX,北美洲,洛杉矶,273 ms
104.25.204.161,LAX,北美洲,洛杉矶,273 ms
104.25.209.53,LAX,北美洲,洛杉矶,273 ms
104.27.192.238,SJC,北美洲,圣何塞,273 ms
104.26.7.17,HKG,亚太地区,香港,273 ms
104.25.197.20,LAX,北美洲,洛杉矶,274 ms
104.21.103.210,SJC,北美洲,圣何塞,274 ms
104.25.206.156,LAX,北美洲,洛杉矶,274 ms
104.25.205.15,LAX,北美洲,洛杉矶,274 ms
104.25.203.228,LAX,北美洲,洛杉矶,275 ms
104.21.8.6,SJC,北美洲,圣何塞,276 ms
104.25.100.153,LAX,北美洲,洛杉矶,277 ms
104.25.98.36,LAX,北美洲,洛杉矶,277 ms
104.25.99.97,LAX,北美洲,洛杉矶,277 ms
104.25.97.90,LAX,北美洲,洛杉矶,277 ms
104.26.6.184,HKG,亚太地区,香港,278 ms
104.25.174.117,LAX,北美洲,洛杉矶,281 ms
104.25.131.138,LAX,北美洲,洛杉矶,282 ms
104.21.57.188,SJC,北美洲,圣何塞,283 ms
104.25.134.180,LAX,北美洲,洛杉矶,283 ms
104.25.137.173,LAX,北美洲,洛杉矶,283 ms
104.25.135.244,LAX,北美洲,洛杉矶,283 ms
104.25.138.110,LAX,北美洲,洛杉矶,283 ms
104.25.170.226,LAX,北美洲,洛杉矶,283 ms
104.25.171.85,LAX,北美洲,洛杉矶,283 ms
104.25.132.7,LAX,北美洲,洛杉矶,283 ms
104.25.133.113,LAX,北美洲,洛杉矶,283 ms
104.25.169.150,LAX,北美洲,洛杉矶,284 ms
104.25.168.2,LAX,北美洲,洛杉矶,284 ms
104.26.5.6,HKG,亚太地区,香港,284 ms
104.26.3.235,HKG,亚太地区,香港,284 ms
104.26.4.108,HKG,亚太地区,香港,284 ms
104.25.128.154,LAX,北美洲,洛杉矶,284 ms
104.26.2.35,HKG,亚太地区,香港,284 ms
104.25.191.87,LAX,北美洲,洛杉矶,284 ms
104.26.1.21,HKG,亚太地区,香港,284 ms
104.25.167.8,LAX,北美洲,洛杉矶,285 ms
104.25.145.117,LAX,北美洲,洛杉矶,285 ms
104.25.129.133,LAX,北美洲,洛杉矶,285 ms
104.25.130.49,LAX,北美洲,洛杉矶,285 ms
104.21.105.124,SJC,北美洲,圣何塞,286 ms
104.25.144.85,LAX,北美洲,洛杉矶,286 ms
104.25.142.51,LAX,北美洲,洛杉矶,286 ms
104.25.139.126,LAX,北美洲,洛杉矶,286 ms
104.25.140.26,LAX,北美洲,洛杉矶,286 ms
104.25.143.205,LAX,北美洲,洛杉矶,286 ms
104.25.240.246,LAX,北美洲,洛杉矶,286 ms
104.25.141.120,LAX,北美洲,洛杉矶,286 ms
104.27.195.8,SJC,北美洲,圣何塞,287 ms
104.25.225.24,LAX,北美洲,洛杉矶,288 ms
104.25.226.95,LAX,北美洲,洛杉矶,288 ms
104.25.224.166,LAX,北美洲,洛杉矶,288 ms
104.25.236.122,LAX,北美洲,洛杉矶,288 ms
104.25.223.195,LAX,北美洲,洛杉矶,288 ms
104.25.227.161,LAX,北美洲,洛杉矶,288 ms
104.25.254.55,LAX,北美洲,洛杉矶,289 ms
104.25.255.250,LAX,北美洲,洛杉矶,290 ms
104.27.193.49,SJC,北美洲,圣何塞,290 ms
104.25.222.183,LAX,北美洲,洛杉矶,290 ms
104.25.221.240,LAX,北美洲,洛杉矶,290 ms
104.25.237.89,LAX,北美洲,洛杉矶,290 ms
104.25.234.175,LAX,北美洲,洛杉矶,290 ms
104.25.238.230,LAX,北美洲,洛杉矶,290 ms
104.25.239.3,LAX,北美洲,洛杉矶,290 ms
104.25.96.228,LAX,北美洲,洛杉矶,290 ms
104.25.95.163,LAX,北美洲,洛杉矶,290 ms
104.27.112.34,LAX,北美洲,洛杉矶,291 ms
104.27.108.254,LAX,北美洲,洛杉矶,291 ms
104.27.105.197,LAX,北美洲,洛杉矶,291 ms
104.27.110.254,LAX,北美洲,洛杉矶,291 ms
104.27.106.144,LAX,北美洲,洛杉矶,291 ms
104.27.113.113,LAX,北美洲,洛杉矶,291 ms
104.27.111.40,LAX,北美洲,洛杉矶,291 ms
104.27.107.199,LAX,北美洲,洛杉矶,291 ms
104.27.114.128,LAX,北美洲,洛杉矶,291 ms
104.27.109.124,LAX,北美洲,洛杉矶,291 ms
104.27.104.70,LAX,北美洲,洛杉矶,292 ms
104.27.103.48,LAX,北美洲,洛杉矶,292 ms
104.25.251.14,LAX,北美洲,洛杉矶,295 ms
104.25.252.68,LAX,北美洲,洛杉矶,295 ms
104.25.248.186,LAX,北美洲,洛杉矶,296 ms
104.25.250.71,LAX,北美洲,洛杉矶,297 ms
104.25.246.31,LAX,北美洲,洛杉矶,297 ms
104.25.247.1,LAX,北美洲,洛杉矶,297 ms
104.25.245.153,LAX,北美洲,洛杉矶,297 ms
104.25.249.200,LAX,北美洲,洛杉矶,297 ms
104.25.244.236,LAX,北美洲,洛杉矶,298 ms
104.25.243.19,LAX,北美洲,洛杉矶,298 ms
104.25.242.85,LAX,北美洲,洛杉矶,299 ms
104.27.61.117,LAX,北美洲,洛杉矶,300 ms
104.25.161.174,LAX,北美洲,洛杉矶,300 ms
104.25.163.94,LAX,北美洲,洛杉矶,300 ms
104.25.241.239,LAX,北美洲,洛杉矶,300 ms
104.27.60.241,LAX,北美洲,洛杉矶,302 ms
104.27.59.205,LAX,北美洲,洛杉矶,302 ms
104.25.184.212,LAX,北美洲,洛杉矶,303 ms
104.25.196.182,LAX,北美洲,洛杉矶,305 ms
104.25.183.17,LAX,北美洲,洛杉矶,305 ms
104.25.182.250,LAX,北美洲,洛杉矶,305 ms
104.25.181.24,LAX,北美洲,洛杉矶,306 ms
104.25.178.105,LAX,北美洲,洛杉矶,306 ms
104.25.179.219,LAX,北美洲,洛杉矶,306 ms
104.25.177.232,LAX,北美洲,洛杉矶,306 ms
104.25.200.128,LAX,北美洲,洛杉矶,306 ms
104.25.199.96,LAX,北美洲,洛杉矶,306 ms
104.25.198.113,LAX,北美洲,洛杉矶,306 ms
104.27.197.176,SJC,北美洲,圣何塞,308 ms
104.27.102.20,LAX,北美洲,洛杉矶,308 ms
104.27.78.106,LAX,北美洲,洛杉矶,309 ms
104.27.77.227,LAX,北美洲,洛杉矶,309 ms
104.27.79.233,LAX,北美洲,洛杉矶,309 ms
104.27.76.238,LAX,北美洲,洛杉矶,309 ms
104.27.196.137,SJC,北美洲,圣何塞,309 ms
104.25.176.247,LAX,北美洲,洛杉矶,309 ms
104.27.101.38,LAX,北美洲,洛杉矶,309 ms
104.27.100.204,LAX,北美洲,洛杉矶,309 ms
104.27.99.170,LAX,北美洲,洛杉矶,309 ms
104.27.96.122,LAX,北美洲,洛杉矶,310 ms
104.27.200.57,SJC,北美洲,圣何塞,310 ms
104.27.97.205,LAX,北美洲,洛杉矶,311 ms
104.27.98.98,LAX,北美洲,洛杉矶,311 ms
104.27.75.73,LAX,北美洲,洛杉矶,315 ms
104.27.91.35,LAX,北美洲,洛杉矶,316 ms
104.25.253.141,LAX,北美洲,洛杉矶,316 ms
104.27.74.139,LAX,北美洲,洛杉矶,317 ms
104.27.71.60,LAX,北美洲,洛杉矶,317 ms
104.27.72.189,LAX,北美洲,洛杉矶,317 ms
104.27.73.205,LAX,北美洲,洛杉矶,317 ms
104.25.188.39,LAX,北美洲,洛杉矶,317 ms
104.27.70.48,LAX,北美洲,洛杉矶,318 ms
104.25.185.44,LAX,北美洲,洛杉矶,318 ms
104.25.186.176,LAX,北美洲,洛杉矶,318 ms
104.25.187.18,LAX,北美洲,洛杉矶,318 ms
104.27.90.203,LAX,北美洲,洛杉矶,319 ms
104.25.233.142,LAX,北美洲,洛杉矶,319 ms
104.27.89.46,LAX,北美洲,洛杉矶,321 ms
104.25.232.31,LAX,北美洲,洛杉矶,322 ms
104.25.231.136,LAX,北美洲,洛杉矶,324 ms
104.25.230.132,LAX,北美洲,洛杉矶,324 ms
104.25.229.119,LAX,北美洲,洛杉矶,324 ms
104.27.127.48,LAX,北美洲,洛杉矶,325 ms
104.27.126.50,LAX,北美洲,洛杉矶,325 ms
104.25.228.114,LAX,北美洲,洛杉矶,326 ms
104.25.220.238,LAX,北美洲,洛杉矶,328 ms
104.25.218.220,LAX,北美洲,洛杉矶,329 ms
104.25.219.45,LAX,北美洲,洛杉矶,329 ms
104.25.215.13,LAX,北美洲,洛杉矶,329 ms
104.25.175.14,LAX,北美洲,洛杉矶,329 ms
104.25.173.225,LAX,北美洲,洛杉矶,329 ms
104.25.172.146,LAX,北美洲,洛杉矶,330 ms
104.25.217.167,LAX,北美洲,洛杉矶,330 ms
104.25.216.145,LAX,北美洲,洛杉矶,330 ms
104.25.212.25,LAX,北美洲,洛杉矶,330 ms
104.25.214.247,LAX,北美洲,洛杉矶,330 ms
104.25.213.159,LAX,北美洲,洛杉矶,330 ms
104.25.166.106,LAX,北美洲,洛杉矶,331 ms
104.27.69.227,LAX,北美洲,洛杉矶,331 ms
104.27.88.193,LAX,北美洲,洛杉矶,332 ms
104.25.180.60,LAX,北美洲,洛杉矶,334 ms
104.27.68.211,LAX,北美洲,洛杉矶,334 ms
104.27.87.218,LAX,北美洲,洛杉矶,334 ms
104.27.86.202,LAX,北美洲,洛杉矶,336 ms
104.27.82.196,LAX,北美洲,洛杉矶,338 ms
104.27.84.94,LAX,北美洲,洛杉矶,338 ms
104.27.83.110,LAX,北美洲,洛杉矶,338 ms
104.27.85.25,LAX,北美洲,洛杉矶,338 ms
104.27.95.52,LAX,北美洲,洛杉矶,344 ms
104.27.67.189,LAX,北美洲,洛杉矶,344 ms
104.27.66.171,LAX,北美洲,洛杉矶,345 ms
104.27.123.140,LAX,北美洲,洛杉矶,348 ms
104.27.124.163,LAX,北美洲,洛杉矶,348 ms
104.27.65.54,LAX,北美洲,洛杉矶,349 ms
104.25.235.135,LAX,北美洲,洛杉矶,349 ms
104.27.118.65,LAX,北美洲,洛杉矶,349 ms
104.27.125.138,LAX,北美洲,洛杉矶,350 ms
104.27.122.214,LAX,北美洲,洛杉矶,350 ms
104.27.119.157,LAX,北美洲,洛杉矶,350 ms
104.27.120.48,LAX,北美洲,洛杉矶,350 ms
104.27.116.13,LAX,北美洲,洛杉矶,350 ms
104.27.121.188,LAX,北美洲,洛杉矶,350 ms
104.27.117.178,LAX,北美洲,洛杉矶,351 ms
104.27.94.171,LAX,北美洲,洛杉矶,351 ms
104.27.115.125,LAX,北美洲,洛杉矶,351 ms
104.27.63.212,LAX,北美洲,洛杉矶,352 ms
104.27.64.45,LAX,北美洲,洛杉矶,352 ms
104.27.93.239,LAX,北美洲,洛杉矶,353 ms
104.27.92.120,LAX,北美洲,洛杉矶,353 ms
104.27.62.97,LAX,北美洲,洛杉矶,367 ms
104.27.81.42,LAX,北美洲,洛杉矶,378 ms
104.27.80.47,LAX,北美洲,洛杉矶,385 ms
